timestamp,ax,ay,az,gx,gy,gz,acc_mag,gyro_mag,dax,day,daz
190122.0,-1.5860295045000001,1.8007951394999997,9.089881951499999,0.17182417420033774,0.3711023775345463,0.0525413918020373,9.401292816192717,0.41231191991490634,0.0,0.0,0.0
190132.0,-1.9930054794999998,1.2717263719999998,9.557953355999999,0.2802736979315094,0.35298236924034115,0.09197885158010116,9.846005848161424,0.4600108780069465,-0.4069759749999997,-0.5290687674999999,0.46807140449999984
190142.0,-2.5029512795,0.9413403335,9.832147289999998,0.39485281799568517,0.31008217622632056,0.07572460025627797,10.18930846835441,0.5077341026328226,-0.5099458000000001,-0.3303860384999998,0.2741939339999995
190152.0,-3.1793159299999996,0.8634755325,9.921878137499998,0.5187572322532666,0.23733859833244889,-0.010342821147318397,10.454535166777065,0.5705660787522919,-0.6763646504999996,-0.07786480100000004,0.08973084750000027
190162.0,-3.7431983049999995,0.8024781695,9.942275969499999,0.6514563606116475,0.13395052943206082,-0.14277491413014415,10.653842321753034,0.6802373190448847,-0.5638823749999999,-0.06099736300000003,0.02039783200000045
190172.0,-4.019745834999999,0.5833976085,9.907560428499998,0.7798916496074062,0.010311405220782499,-0.29439341158014354,10.70786920876336,0.8336694734646245,-0.27654752999999976,-0.21908056099999995,-0.03471554100000063
190182.0,-4.201659192499999,0.5247538415,9.833324088,0.8963347813127119,-0.08934514973884174,-0.4542708070505801,10.706239731284265,1.0088411976674765,-0.18191335750000004,-0.05864376699999996,-0.07423634049999883
190192.0,-4.289036444,0.7749214830000001,9.695638722,1.0015886071834819,-0.10613172648452318,-0.620808378946627,10.630227991455351,1.1831511842434472,-0.08737725150000042,0.25016764150000004,-0.13768536599999948
190202.0,-4.2351979355,1.1245285555,9.659746383,1.0722011380606684,-0.0003473205211468716,-0.7822844960118903,10.607175222880027,1.3272469377590268,0.05383850850000016,0.3496070724999999,-0.035892339000000106
190212.0,-4.1920486755,1.4800196179999998,9.951788419999998,1.0764632320940386,0.22747923338793294,-0.9240436285173739,10.899624898310595,1.4367938331843786,0.043149259999999856,0.35549106249999984,0.2920420369999981
190222.0,-4.186066619,1.6021124104999998,10.4881141085,0.9909298814415526,0.4899435916320922,-1.0324931522485454,11.405720295864745,1.5126231726227328,0.005982056499999722,0.12209279249999994,0.5363256885000016
190232.0,-4.2148001035,1.621235378,11.139373734999998,0.8385120231941398,0.721766949528239,-1.1196269698251105,12.019924761467944,1.574043993677492,-0.028733484500000017,0.0191229675000002,0.6512596264999981
190242.0,-4.4242701475,1.7134178879999997,11.763076674999999,0.6805003846940851,0.850467528570301,-1.211822242232459,12.683845633675421,1.6293829928812251,-0.2094700439999997,0.09218250999999977,0.6237029400000011
190252.0,-4.557150255,1.793636285,12.295773902999999,0.5581946920313304,0.8440726421909938,-1.3178754289006425,13.235210819749378,1.6615762352679728,-0.13288010750000012,0.08021839700000033,0.532697228
190262.0,-4.657766484,1.8822884009999998,12.539959488,0.4806532040237264,0.7052456628288607,-1.4151339014680262,13.50882608536708,1.6525746296495387,-0.10061622899999989,0.08865211599999978,0.24418558500000032
190272.0,-4.4662426095,2.1887462135,12.4992618905,0.45907046249356454,0.48728021919354886,-1.472157298789185,13.452489763658235,1.6172306001092231,0.19152387449999964,0.30645781250000015,-0.04069759749999946
190282.0,-4.3201235245,2.519132252,12.3017559595,0.47772279620962793,0.32313898436049016,-1.5558266378005414,13.279408656152526,1.6592873169290518,0.14611908500000048,0.3303860384999999,-0.19750593100000025
190292.0,-3.9239348644999996,2.4101803704999996,12.253899507499998,0.5030370516805537,0.29116280713470205,-1.6512193533975432,13.090618296287264,1.7505277514671467,0.39618865999999997,-0.10895188150000035,-0.047856452000001326
190302.0,-3.6713155604999996,2.5765992209999995,12.46817481,0.5064997849165104,0.39188575826729477,-1.737553810176695,13.25038884648846,1.8518125506953327,0.252619304,0.16641885049999994,0.2142753025000026
190312.0,-3.6138485915,2.946506059,12.8583814135,0.4969074553475496,0.511528078491506,-1.8324142003518384,13.677710779697474,1.9662959583735753,0.05746696899999959,0.36990683800000035,0.39020660349999936
190322.0,-3.558833285,3.2098146114999997,13.644874743499999,0.48811448657600215,0.5373746593842901,-1.9326030807333212,14.46204726020583,2.0644568157783443,0.05501530650000008,0.26330855249999985,0.786493329999999
190332.0,-3.3924144345,3.6348348225,14.402634589,0.47798983158518304,0.41586832751894887,-2.035458824211851,15.23667886996775,2.131786426918543,0.16641885049999994,0.4250202110000001,0.7577598455000008
190342.0,-3.1625465585,4.2022475915,14.8563882845,0.4193677126691975,0.2040307348873891,-2.140710904753369,15.75984956827877,2.1909224077858327,0.22986787600000014,0.5674127690000002,0.45375369549999967
190352.0,-2.6873162995,4.7145469874999995,15.018001876499998,0.2746781723496156,0.08358905386576443,-2.2347719341310994,15.96837507555046,2.2531402144277557,0.47523025899999993,0.5122993959999995,0.16161359199999836
190362.0,-2.2383678625,5.1623186265,15.124502095499999,0.06736970912698112,0.0982445835947608,-2.2893972490600176,16.137236068365784,2.29249437074928,0.44894843699999987,0.44777163900000083,0.10650021900000084
190372.0,-1.9139638804999999,5.6506897965,15.2837620915,-0.1559259700439214,0.19417136994287315,-2.281935966507742,16.406917339393782,2.295484084954904,0.3244039820000002,0.48837116999999974,0.15925999600000118
190382.0,-1.823056235,6.0564889735,15.506373046499998,-0.3848171747967178,0.28876472474246184,-2.2329061771607175,16.746707072714955,2.2841495836036234,0.09090764549999997,0.40579917699999957,0.2226109549999986
190392.0,-1.8182509765,6.2624286235,15.784097374499998,-0.5987858144449625,0.27624198735940253,-2.190005984146697,17.07810817408278,2.287133642304081,0.00480525850000002,0.20593965000000036,0.2777243279999997
190402.0,-1.8074636615,6.317541996499999,15.916977482,-0.7485385549245801,0.1432758236254665,-2.1692226034139486,17.220000985124223,2.29920956700474,0.010787314999999964,0.0551133729999993,0.1328801075000019
190412.0,-1.7559787489999998,6.4252190135000005,15.873926288499998,-0.8332725447796528,-0.06962641984980979,-2.168955568038393,17.214773787392993,2.3245557055810493,0.05148491250000009,0.10767701700000121,-0.04305119350000197
190422.0,-1.6027988759999998,6.6766615195,15.555504362999999,-0.8799042517344372,-0.30251442858967315,-2.1932034273363503,17.003543432772798,2.3824121695049305,0.15317987300000002,0.2514425059999992,-0.31842192549999915
190432.0,-1.2316171735,7.0045958955,15.251400146499998,-0.9156101975717372,-0.5090235310148942,-2.2273106515788235,16.82814460806585,2.4613735449258223,0.3711817024999997,0.32793437599999997,-0.30410421650000075
190442.0,-0.7348122844999999,7.184155657,15.070663587,-0.958777425961313,-0.6606402831356416,-2.22411320838917,16.71158109066838,2.5104540027584075,0.4968048890000002,0.1795597615000002,-0.1807365594999979
190452.0,-0.26075882349999996,7.238092231999999,14.966516963999998,-1.0291229214629445,-0.7685574814449551,-2.164426438629468,16.62692407983724,2.516846518563196,0.47405346099999995,0.05393657499999893,-0.10414662300000188
190462.0,0.162986523,7.242897490499999,14.737825886,-1.1370401197722577,-0.8695474679531029,-2.06157244048019,16.422230071175548,2.509791616916195,0.42374534649999995,0.004805258500000242,-0.22869107799999888
190472.0,0.569962498,7.041763099,14.439801792499999,-1.2617438948272526,-0.9580129717489394,-1.926475229729569,16.075421008429316,2.49421196391459,0.406975975,-0.20113439149999923,-0.2980240935000005
190482.0,0.8501384885,6.8825031029999995,14.030374155,-1.3765900502669834,-1.0278261418287127,-1.7583371909094432,15.650654406181413,2.458287294287603,0.28017599049999997,-0.1592599960000003,-0.40942763749999855
190492.0,1.1003061299999999,6.774826086,13.5144462985,-1.4842402132007417,-1.0432810323551225,-1.5763429831577347,15.157480029025338,2.403385429660582,0.2501676414999999,-0.10767701699999943,-0.5159278565000012
190502.0,1.2858479479999998,6.560550783499999,13.031959118499998,-1.5985522978893625,-0.9785310624353848,-1.3855558066344784,14.646712600256533,2.3308061658011816,0.18554181799999991,-0.21427530250000082,-0.48248718000000146
190512.0,1.330174006,6.291162107999999,12.623806345499998,-1.7163288611431917,-0.8599551383841421,-1.2075601481990887,14.167165214116023,2.2679305789959665,0.044326058000000224,-0.2693886755000001,-0.4081527729999994
190522.0,1.2942816669999997,6.043348062499999,12.344807153,-1.8213156516384068,-0.7256572884309345,-1.0658010156936053,13.805487477188725,2.2315243687241,-0.03589233900000033,-0.2478140455000002,-0.2789991924999988
190532.0,1.1146238389999998,5.818285445,12.067082824999998,-1.903119233679381,-0.6137432861345541,-0.9570844565868785,13.442816658995833,2.216879404910388,-0.17965782799999985,-0.225062617499999,-0.27772432800000146
190542.0,0.9997879675,5.5237917455000005,11.846825465999999,-1.9694679251939455,-0.5332713903128514,-0.8736821529510775,13.10950513366076,2.219572658977213,-0.11483587149999985,-0.2944936994999994,-0.22025735899999965
190552.0,0.9494798529999999,5.230572910499999,11.6541247935,-2.014500910553903,-0.48744078948473235,-0.8028025866983357,12.809333693279315,2.2226795619444433,-0.050308114500000056,-0.2932188350000011,-0.19270067249999911
190562.0,0.8524920844999999,4.9648126955,11.436221030499999,-2.0147679459294583,-0.4829099147465551,-0.7287273225851925,12.496529890893054,2.1962548514203712,-0.09698776850000002,-0.26576021499999936,-0.2179037630000007
190572.0,0.7674684289999999,4.6942472219999996,11.290200012,-1.9617413525953664,-0.5143520212212329,-0.646389669793108,12.251268549898464,2.1285691770370794,-0.08502365550000002,-0.2705654735000005,-0.14602101849999904
190582.0,0.706471066,4.484777178,11.1465325895,-1.8652822408253957,-0.5751069324831555,-0.5547267228076177,12.035676818201392,2.0292233880787185,-0.060997362999999916,-0.2094700439999997,-0.14366742250000009
190592.0,0.7267708314999999,4.3434633515,10.98737066,-1.7504360853856649,-0.6598409223382282,-0.46066569342988734,11.83706820743936,1.926558956511763,0.0202997654999999,-0.14131382650000024,-0.15916192949999974
190602.0,0.8740667145,4.197442333,10.896364948,-1.648913773455659,-0.725124963009076,-0.368735711068842,11.709538156573911,1.8386649691795778,0.14729588300000007,-0.14602101849999993,-0.0910057119999994
190612.0,0.9578155055,4.0622086295,10.881949172499999,-1.583898513489618,-0.7688245168205102,-0.2709431677503477,11.654860243050274,1.781357863779624,0.0837487910000001,-0.13523370349999997,-0.014415775500001615
190622.0,1.0499980155,3.9735565134999997,10.840074777,-1.558050187267582,-0.8250485533442554,-0.1720859735881369,11.593052590645994,1.7713946719254219,0.09218250999999988,-0.088652116,-0.04187439549999894
190632.0,1.0237161934999999,3.8550921815,10.7168051865,-1.5564514656727553,-0.8887321270910246,-0.0812223874000601,11.435018319971764,1.7941524558781428,-0.026281822000000066,-0.11846433199999984,-0.12326959049999964
190642.0,1.075201106,3.7317245244999997,10.445062915,-1.5673772267902397,-0.9417587204251162,-0.009543460349904994,11.143660289303808,1.8285710093384027,0.05148491250000009,-0.12336765700000019,-0.27174227150000085
190652.0,1.0931472755,3.6898501289999994,10.124189327,-1.583898513489618,-0.970802744507554,0.04508010924976154,10.830935992302562,1.8582854156528246,0.017946169500000053,-0.04187439550000027,-0.32087358799999954
190662.0,1.097952534,3.6587630484999996,9.73996478,-1.6012174156571577,-0.9817285056250384,0.1007718203516486,10.462263652175206,1.8809154767659133,0.00480525850000002,-0.031087080499999864,-0.3842245470000005
190672.0,1.1553214365,3.5785446515,9.391632571999999,-1.6105444551798154,-0.9774646662624163,0.1644553940984177,10.116497012892703,1.8911203537982482,0.05736890249999993,-0.08021839699999944,-0.3483322080000004
190682.0,1.2451503505,3.5019547149999997,9.0420254995,-1.6086786982094337,-0.953216806964459,0.23453559955374603,9.776109213530157,1.8845361186802316,0.08982891399999993,-0.07658993650000046,-0.34960707249999956
190692.0,1.2582912615,3.4013384859999998,8.7307624285,-1.5942902038559923,-0.9204412689412576,0.31021133059096817,9.45402628397125,1.866870229370106,0.013140911000000033,-0.10061622899999989,-0.31126307099999906
190702.0,1.3768536599999999,3.1978504985,8.442250785499999,-1.5700423445580352,-0.8852676485258157,0.3808238614681548,9.132008110875036,1.8422156732302641,0.11856239849999994,-0.20348798749999997,-0.2885116430000014
190712.0,1.563572276,3.0171139389999997,8.1992419985,-1.5431293674922826,-0.8455648987014488,0.4362467918652347,8.875545286524664,1.8128815477426627,0.18671861600000006,-0.18073655950000012,-0.24300878699999906
190722.0,1.7347963849999999,2.881782169,8.019682237,-1.5170157512239433,-0.7970691801055344,0.5031295541309094,8.69652172707162,1.7859998363873444,0.17122410899999996,-0.13533176999999963,-0.1795597615000002
190732.0,1.841296604,2.777635546,7.815017451499999,-1.4930331819722893,-0.7531025909185453,0.5950595364919546,8.495889016315726,1.774938716375454,0.10650021900000017,-0.1041466230000001,-0.20466478550000033
190742.0,1.9406379685,2.6256324709999994,7.6258471729999995,-1.470918115020269,-0.734717292578037,0.7040431309742367,8.295394306692447,1.7885989856253381,0.09934136449999986,-0.15200307500000054,-0.1891702784999998
190752.0,1.9490716875,2.4784346545,7.4690388395,-1.44480449875193,-0.7293888023716982,0.8135590508783769,8.107284376756505,1.811448700323904,0.008433719000000117,-0.1471978164999994,-0.1568083334999999
190762.0,1.7826528369999999,2.2628844875,7.259568795499999,-1.4098979137120433,-0.7371153749702772,0.915081362808383,7.810239204891845,1.8353542174921964,-0.16641885050000016,-0.21555016699999996,-0.20947004400000058
190772.0,1.6198624469999998,2.024680959,6.9722339505,-1.3757906894695702,-0.7650947482089983,0.9880919760778097,7.438772317623576,1.8586273828170876,-0.16279039000000006,-0.23820352850000015,-0.2873348449999993
190782.0,1.4654077095,1.7600975419999998,6.7531533894999995,-1.3235634569328918,-0.7989349370759162,1.03045809834072,7.130949713364399,1.8579454111045939,-0.15445473749999983,-0.2645834170000001,-0.21908056100000017
190792.0,1.3289972079999999,1.5135583609999999,6.6107608314999995,-1.2393617924996774,-0.845831934077004,1.0581704362038862,6.91080684597098,1.836075702542894,-0.13641050150000011,-0.24653918099999994,-0.14239255800000006
190802.0,1.3122278365,1.3028134525,6.404821181499999,-1.1418362845567382,-0.9055204491659581,1.0770898052955047,6.666408264867333,1.8121478508277307,-0.016769371499999908,-0.21074490849999994,-0.20593965000000036
190812.0,1.39842829,1.1855259185,6.122291594999999,-1.064029506502831,-0.9484206421799787,1.0744246875277093,6.390894128360697,1.7849506756184488,0.08620045350000005,-0.11728753399999992,-0.28252958649999993
190822.0,1.4810002829999998,1.08853815,5.902034236,-1.0019429090216367,-0.9657395443475184,1.0834846916748118,6.181608630863621,1.7636557310169563,0.08257199299999973,-0.09698776850000002,-0.22025735899999876
190832.0,1.6593832464999998,0.9425171314999999,5.566842939,-0.9585103905857578,-0.9303006338857736,1.1266519200643876,5.884864621164197,1.7474398379497662,0.17838296350000005,-0.14602101850000004,-0.3351912970000006
190842.0,1.841296604,0.7772750789999999,5.273526037499999,-0.9371929391018992,-0.8290453573313225,1.1796785133984793,5.639557305367757,1.7196767732888416,0.18191335750000026,-0.16524205250000001,-0.2933169015000008
190852.0,1.921515001,0.6061490365,5.107205253499999,-0.9326638096929738,-0.6955468681755282,1.2404316793311498,5.490280689991715,1.700681621829346,0.08021839699999989,-0.17112604249999996,-0.16632078399999983
190862.0,1.8461018624999999,0.462481614,4.951573718,-0.9366606136800408,-0.5583186104082221,1.3129099671787183,5.304720880008896,1.7066884185066886,-0.07541313850000009,-0.14366742249999997,-0.15563153549999953
190872.0,1.665365303,0.22908334399999997,4.8545859495,-0.9406574176671079,-0.42908396061504994,1.3720644115165623,5.13740455016123,1.7179959755539418,-0.1807365594999999,-0.23339827000000002,-0.09698776850000002
190882.0,1.4510900004999998,0.000392266,4.7994725764999995,-0.9246702017188398,-0.34115252757032366,1.405372274961622,5.014040222814257,1.7165288404932744,-0.21427530250000015,-0.22869107799999996,-0.05511337300000019
190892.0,1.205629551,-0.16239812399999998,4.780349609,-0.8764397731692285,-0.32649699784132724,1.4117671613409293,4.932713061712553,1.6934678867439306,-0.2454604494999999,-0.16279038999999998,-0.019122967499999532
190902.0,1.021264531,-0.265367949,4.678556582,-0.7887736301708053,-0.3885818499932695,1.4080356474001654,4.796070587638451,1.6600373725150361,-0.18436502,-0.10296982500000001,-0.10179302700000026
190912.0,0.9446745944999999,-0.28811937699999995,4.4750685945,-0.67899067489111,-0.49569968750516946,1.3904497098570705,4.582757007563985,1.6248375033902374,-0.07658993650000001,-0.022751427999999962,-0.20348798749999997
190922.0,0.95909037,-0.298906692,4.2081315815,-0.5561526568064972,-0.5876296698662149,1.370998015343594,4.3263808149037,1.591932776424958,0.014415775500000061,-0.01078731500000002,-0.2669370129999997
190932.0,1.021264531,-0.197113665,3.9603175359999994,-0.4287820186544549,-0.6323956198506174,1.3664688859346685,4.094624527982693,1.5655719260880894,0.06217416099999995,0.10179302699999998,-0.24781404550000063
190942.0,1.1553214365,-0.136116302,3.7628116049999996,-0.31233888694914924,-0.6262677688468653,1.3803233095369993,3.938533539787271,1.547597924994809,0.13405690550000005,0.060997363,-0.1975059309999998
190952.0,1.30624578,-0.09659550249999999,3.6646470385,-0.23159995575189155,-0.5713754185423917,1.4181620477202366,3.8916894333512606,1.5463802902303256,0.15092434350000006,0.03952079950000001,-0.0981645664999995
190962.0,1.3803840539999999,-0.060605097,3.7269192659999995,-0.19056551970825286,-0.46478990645234997,1.4709216056787733,3.9748031812407807,1.5543343412838442,0.07413827399999984,0.03599040549999999,0.06227222749999939
190972.0,1.3037941175,-0.024712757999999998,3.9267787929999995,-0.16658295045659877,-0.3590055004889736,1.5394013442100225,4.13764202298726,1.5894625907267488,-0.07658993649999979,0.035892338999999995,0.1998595270000001
190982.0,1.109916647,-0.0295180165,4.1483110165,-0.13141107537040905,-0.2958542521640628,1.6262698717402844,4.294330048587449,1.6581774045571014,-0.19387747050000015,-0.004805258500000003,0.22153222350000057
190992.0,0.7878662609999999,-0.0738440745,4.399655456,-0.0711902348595967,-0.29745297375888957,1.7099374654223884,4.470252154417181,1.7370758350724107,-0.322050386,-0.044326057999999995,0.2513444394999995
191002.0,0.44669290749999996,-0.12287732449999998,4.5290051694999995,0.0012880529879718153,-0.3619359083030721,1.7816163924725437,4.552638928780186,1.8180088643146244,-0.34117335349999994,-0.04903324999999999,0.1293497134999999
191012.0,0.16534011899999998,-0.28811937699999995,4.570879565,0.07669674864963882,-0.4362799531210226,1.8327772288362536,4.582934663301277,1.8855489808778252,-0.2813527885,-0.16524205249999996,0.041874395500000716
191022.0,-0.1411176935,-0.34793994199999995,4.525376709,0.15157311888944755,-0.478913110759488,1.8682161392979981,4.54092620123003,1.9345706813556132,-0.3064578125,-0.05982056499999999,-0.04550285600000059
191032.0,-0.3721623675,-0.405406911,4.445158312,0.21552372801177178,-0.46852142039311384,1.883938065199963,4.479094998993933,1.9532499666485736,-0.23104467399999998,-0.057466969000000034,-0.08021839699999944
191042.0,-0.5122013295,-0.48925376849999996,4.39730186,0.25122967384907174,-0.3885818499932695,1.8882019045625855,4.453985080789167,1.9440726929722247,-0.140038962,-0.08384685749999998,-0.04785645200000044
191052.0,-0.6487098975,-0.545445873,4.411619569,0.25629287400910733,-0.26600912195495974,1.8874025437651718,4.492295955641273,1.9232096225950872,-0.136508568,-0.05619210450000006,0.014317709000000178
191062.0,-0.8007129725,-0.5957539875,4.477520256999999,0.2312439085844847,-0.12238597780834638,1.8823393436051363,4.58740141363248,1.9004350757932644,-0.152003075,-0.050308114499999945,0.06590068799999926
191072.0,-1.0867729529999999,-0.7417750059999999,4.5648975085,0.2064637238646692,-8.028514559173915e-05,1.883938065199963,4.750746770141316,1.8952176416515205,-0.2860599804999999,-0.14602101849999993,0.08737725150000042
191082.0,-1.4506977345,-0.9932175119999999,4.688167098999999,0.2280464653948311,0.08278969306835102,1.8884671946088885,5.006986687736744,1.9039873079333782,-0.3639247815000002,-0.25144250599999995,0.12326959049999964
191092.0,-1.8541433154999998,-1.2266157819999999,4.9575557745,0.3026575455883367,0.13288413325909226,1.8751450964284158,5.43321203049753,1.904055911845319,-0.4034455809999997,-0.23339827000000002,0.269388675500001
191102.0,-2.2252269515,-1.3822473174999999,5.291472206999999,0.40044834357757897,0.12249244289271803,1.8484991547382184,5.904398424045533,1.8953396528083721,-0.37108363600000005,-0.15563153549999997,0.3339164324999988
191112.0,-2.5221723134999996,-1.515127425,5.6339204249999995,0.5110306596546877,0.014575244583404645,1.817856409060954,6.355943962009518,1.8883767359363854,-0.29694536199999977,-0.13288010750000012,0.34244821800000036
191122.0,-2.7160497839999995,-1.6013278784999998,5.89968064,0.6402653094478599,-0.16128936683529996,1.7888106396492642,6.689350421200743,1.9067767123758632,-0.19387747049999993,-0.08620045349999983,0.26576021500000024
191132.0,-2.8512834875,-1.524737942,5.959501205,0.757774837326134,-0.32862804485801234,1.7488425997785941,6.780139963913799,1.9340810569239855,-0.1352337035000004,0.07658993649999979,0.05982056499999988
191142.0,-2.8597172064999996,-1.422944915,5.9631296654999995,0.8363809761774547,-0.43388187072878237,1.6902204808626087,6.7647372557877405,1.9351051364166465,-0.008433718999999673,0.10179302700000004,0.003628460499999875
191152.0,-2.8608940044999995,-1.2302442425,6.0468784565,0.8726192474366129,-0.46825438501755867,1.623870044018792,6.801687619177484,1.9020200945170391,-0.0011767979999999234,0.1927006725,0.08374879100000054
191162.0,-2.9147325129999997,-1.0698074485,6.212120509,0.8795482045670303,-0.4623918240601097,1.5684471136217122,6.944825038656035,1.8567276567507154,-0.05383850850000016,0.160436794,0.16524205250000001
191172.0,-3.084779824,-0.982430197,6.446695576999999,0.8838120439296525,-0.45812973002673957,1.5404677403829912,7.213939250994998,1.8341339748475742,-0.17004731100000026,0.08737725149999997,0.23457506799999894
191182.0,-3.258357529,-1.053038077,6.6669529359999995,0.9101909502442949,-0.4701201419879406,1.524213489059168,7.49493458472066,1.8364877549385665,-0.17357770500000003,-0.07060788000000007,0.22025735900000054
191192.0,-3.4271299754999998,-1.122469159,6.893290417999999,0.9568226571990793,-0.4951673620833112,1.5090256339083135,7.779627861843226,1.8541463474047672,-0.16877244649999978,-0.06943108199999992,0.22633748199999992
191202.0,-3.5349050589999997,-1.0865768199999999,7.1087425185,0.9911951714878556,-0.5092905663904493,1.4533356681356782,8.013140654963872,1.8314009154935251,-0.10777508349999998,0.035892339000000106,0.2154521005000003
191212.0,-3.5181356875,-0.985960591,7.313407303999999,0.9733421985692057,-0.5012952130870634,1.385386509697035,8.175287358672275,1.7657824632241856,0.016769371499999686,0.10061622899999989,0.20466478549999945
191222.0,-3.4822433485,-0.9201579695,7.406766611999999,0.9259128761462597,-0.5135526604238195,1.323833982966951,8.236073158468471,1.6951658926783428,0.035892339000000106,0.06580262150000005,0.09335930800000014
191232.0,-3.399573289,-0.7502087249999999,7.369697474999999,0.8960677459371567,-0.5716424539179468,1.270807389632859,8.150604428591155,1.6567027258913138,0.08267005949999984,0.16994924450000004,-0.037069137000000474
191242.0,-3.500189518,-0.6663618674999999,7.1924913095,0.9387026489048743,-0.6720983696749844,1.2015282903041964,8.026661574877078,1.6662980267593566,-0.10061622899999989,0.08384685749999998,-0.17720616549999857
191252.0,-3.4498814034999996,-0.5945771895,7.259568795499999,1.0562121767831485,-0.8069285450500504,1.159160422712034,8.05956219835086,1.7636243150919444,0.05030811450000039,0.07178467799999988,0.06707748599999874
191262.0,-3.376821861,-0.691564958,7.4713924355,1.200102356305317,-0.9196419081438442,1.1580940265390653,8.228176766289582,1.9045127143522804,0.0730595424999998,-0.0969877684999999,0.2118236400000013
191272.0,-3.3014087224999997,-0.9452629935,7.600742148999999,1.3434584650763752,-0.9652072189256602,1.1618255404798294,8.340509750336894,2.021470803490079,0.07541313850000009,-0.25369803550000003,0.12934971349999902
191282.0,-3.2523754725,-1.1260976194999999,7.702437109499999,1.3898231366556046,-0.8738113073157251,1.1223880807017654,8.436443533181851,1.9886954406538555,0.04903324999999992,-0.1808346259999999,0.10169496049999971
191292.0,-3.3673094105,-1.1560079019999998,7.865325565999999,1.2824400090974013,-0.6342613768209993,1.0365876946737242,8.633566655484946,1.7667636853324777,-0.11493393800000007,-0.02991028249999994,0.16288845650000017
191302.0,-3.4786148879999996,-1.215828467,8.0448853275,1.082858118473346,-0.32329955465167365,0.9278711355669974,8.84868240659634,1.4622069453398157,-0.11130547749999975,-0.0598205650000001,0.1795597615000002
191312.0,-3.6114949954999997,-1.3475317765,8.2064989195,0.8726192474366129,-0.050708796087443254,0.7919745640189629,9.0667172949725,1.1795166141477216,-0.13288010750000012,-0.13170330949999998,0.16161359200000014
191322.0,-3.792231555,-1.3918578345,8.284265653999999,0.7273973816951728,0.08358905386576443,0.6366280432867036,9.21668844131344,0.9702522075843083,-0.18073655950000012,-0.044326058,0.07776673449999905
191332.0,-3.7623212724999995,-1.4026451494999999,8.165801322,0.6751718944877464,0.07133160652900825,0.4778152986599836,9.099603617921982,0.8302124696905674,0.029910282500000385,-0.010787314999999964,-0.1184643319999985
191342.0,-3.3361242635,-1.4026451494999999,7.919164074499999,0.7130088873417315,-0.010204940136410845,0.3467166372256816,8.706910942221743,0.7929049380351763,0.42619700899999957,0.0,-0.2466372475000007
191352.0,-2.8190196089999997,-1.2900648074999999,7.691747861,0.8342499291607696,-0.05230751768227006,0.2574517726324316,8.293016575449165,0.8746373168018908,0.5171046545000002,0.112580342,-0.22741621349999974
191362.0,-2.543648877,-1.0027299625,7.6258471729999995,1.005585411170549,-0.04777664294409278,0.2414628113549115,8.101182758900745,1.0352723873635705,0.27537073199999984,0.28733484499999995,-0.06590068800000015
191372.0,-2.462253682,-0.6340979889999999,7.79824808,1.206497242684624,-0.020331340456481946,0.29848620867607023,8.202283009711387,1.2430378018307298,0.08139519499999981,0.3686319735,0.1724009070000001
191382.0,-2.543648877,-0.30969400699999994,8.1992419985,1.406876748776841,0.020703095587156734,0.38188851231187126,8.59032184131662,1.457933345613427,-0.08139519499999981,0.324403982,0.4009939185000002
191392.0,-2.7794988095,-0.023535959999999998,8.862465738,1.5723496698291715,0.029497809687956164,0.4458408667634475,9.288135794154224,1.634603218969262,-0.2358499325000003,0.2861580469999999,0.6632237394999994
191402.0,-2.960235369,0.152395341,9.334165602999999,1.6610822090005632,-0.022197097426863883,0.446905517607164,9.793511386834929,1.720293974255591,-0.18073655949999967,0.17593130099999998,0.4716998649999997
191412.0,-2.9075736584999996,0.221826423,9.498132791,1.6653460483631854,-0.1024019578730113,0.3533768136512919,9.935679043578928,1.7055025048945085,0.052661710500000236,0.069431082,0.16396718800000087
191422.0,-2.6011158459999995,0.24222425499999997,9.4597887895,1.642962200706358,-0.15942535519417003,0.20549157547130836,9.813871823901739,1.6634205795343362,0.30645781250000015,0.020397831999999977,-0.0383440015000005
191432.0,-2.125885587,0.5031792115,9.3281835465,1.654420287245701,-0.16395448460309534,0.06053499977617133,9.580583861388272,1.6636261737750808,0.4752302589999995,0.2609549565,-0.1316052429999992
191442.0,-1.7260684665,0.8622987344999999,9.166569954499998,1.6935907116482096,-0.11386004441235408,-0.02073625684294463,9.367437012828432,1.697540456260919,0.39981712050000007,0.35911952299999994,-0.16161359200000192
191452.0,-1.5201288165,1.1519871755,9.153330977,1.7692664426854317,-0.0035447637108004834,-0.00554665636283798,9.349937649298948,1.7692786880419191,0.20593964999999992,0.289688441,-0.013238977499998583
191462.0,-1.6087809325,1.375872995,9.5017612515,1.8990334179004622,0.18457904037391232,0.09970542417868006,9.734714657741781,1.9105859091018955,-0.088652116,0.22388581949999997,0.3484302745000001
191472.0,-2.1654063865,1.536309789,10.393578002499998,2.0573120917760717,0.38122703252536544,0.2657124159821207,10.727334071451493,2.10913967799745,-0.556625454,0.160436794,0.8918167509999986
191482.0,-3.050064283,1.5614148129999998,11.5380140575,2.173222898059519,0.48461510142575354,0.40640340698538363,12.036057358610242,2.2633853605582583,-0.8846578965000003,0.02510502399999992,1.1444360550000017
191492.0,-4.048381253,1.5411150475,12.580657085499999,2.2203869304361623,0.4393168260194927,0.4271885330473841,13.305538661107038,2.3033904222347417,-0.9983169699999994,-0.0202997654999999,1.0426430279999988
191502.0,-4.742790139499999,1.3567500275,13.222306195,2.2001358751252718,0.2248141156201376,0.28489707512004236,14.11255505069139,2.229866722252087,-0.6944088864999998,-0.18436502,0.6416491095000012
191512.0,-4.7906465915,1.1280589495,13.404317618999999,2.0980812377734077,-0.037117917202163404,-0.001816887751326097,14.279304695580644,2.098410331931132,-0.04785645200000044,-0.228691078,0.1820114239999988
191522.0,-4.458985688499999,1.3087955089999999,13.2271114535,1.9270127911391832,-0.1684836140120206,-0.35887634612432606,14.01969958515293,1.9673731870725808,0.3316609030000004,0.1807365594999999,-0.17720616549999946
191532.0,-4.047204455,1.7600975419999998,12.9062378655,1.7628715563061246,-0.1381079037103113,-0.6474560659660764,13.639970054908195,1.8830797313063254,0.4117812334999993,0.45130203299999994,-0.32087358799999954
191542.0,-3.6366000195,2.1671715834999996,12.7326601605,1.614984572796889,0.024434609527920613,-0.7966747356945836,13.417977758848059,1.8009616472897936,0.41060443550000025,0.4070740414999998,-0.17357770499999958
191552.0,-3.422324717,2.4831418464999997,12.778163016499999,1.5006724881082685,0.26771430863415824,-0.8166587556299187,13.459559798696127,1.7293410278945949,0.21427530249999993,0.3159702630000001,0.045502855999998815
191562.0,-3.5444175094999997,2.7178149809999996,13.143264596,1.426063153244015,0.5077965645507422,-0.7710934448481027,13.88145590322086,1.6988521326759174,-0.12209279249999971,0.23467313449999994,0.365101579500001
191572.0,-3.939527438,2.7573357804999996,13.7501981645,1.3780997600699587,0.6706061131645292,-0.7236641224251569,14.566767884613235,1.6948632009114741,-0.39510992850000015,0.03952079949999998,0.6069335685000006
191582.0,-4.403970382,2.6184736165,14.3966525325,1.3122833939772525,0.6868603644883524,-0.7289926126314955,15.281196397775224,1.6508467814079,-0.46444294399999997,-0.1388621639999994,0.6464543679999988
191592.0,-4.763089905,2.4364621925,14.837167250499999,1.2128921290639314,0.5690838012345231,-0.8371768463163641,15.77228282392579,1.5798192180059665,-0.3591195230000004,-0.18201142400000014,0.4405147179999993
191602.0,-4.937844407999999,2.430480136,15.105379127999997,1.1087064446953818,0.3929521544402634,-1.033559548421514,16.076754015961225,1.5658501576848285,-0.17475450299999906,-0.005982056500000166,0.26821187749999886
191612.0,-4.788194929,2.63406619,15.081450901999998,1.0130449483935726,0.22134963705492883,-1.2845675654555826,16.04104973749658,1.6508693344751932,0.14964947899999892,0.20358605400000007,-0.023928225999998887
191622.0,-4.344149817,2.9405240024999997,14.886298567,0.9267122369436731,0.06760183791749637,-1.5347762216922376,15.783542190132291,1.7941303267217994,0.4440451120000004,0.3064578124999997,-0.19515233499999773
191632.0,-3.6785724815,3.284050952,14.5833711485,0.880614600739999,-0.07309089841501853,-1.7292931668270055,15.394531503487963,1.9419781696255383,0.6655773355000001,0.3435269495000002,-0.30292741850000127
191642.0,-2.92434303,3.5306881995,14.2913291115,0.8992669344560623,-0.20072682661336386,-1.8318818749299806,15.008651807954154,2.050551994470088,0.7542294514999996,0.24663724750000027,-0.29204203699999987
191652.0,-2.162954724,3.6695503635,14.098628438999999,0.9640169043757999,-0.30358082476264164,-1.8422735652963547,14.728044570455253,2.101300025811547,0.7613883060000002,0.13886216399999984,-0.1927006725000009
191662.0,-1.490218534,3.7006374439999994,13.9549610165,1.0282345488736793,-0.3771237634539268,-1.7972405799363969,14.514007225540666,2.1046525420195206,0.67273619,0.03108708049999942,-0.1436674224999983
191672.0,-0.8366053115,3.8227302364999995,13.911811756499999,1.0479515334334593,-0.35980486128638706,-1.7324906100166593,14.451701673386873,2.0564983998113764,0.6536132225000001,0.12209279250000016,-0.04314926000000163
191682.0,-0.30508488149999996,3.9268768594999997,14.1393260365,0.9813358065433396,-0.19752938342371026,-1.6778652950877408,14.677669413808285,1.9537834503802334,0.53152043,0.1041466230000001,0.22751428000000118
191692.0,-0.0034323275,3.9843438284999997,14.3750779025,0.8222577718703166,0.07319736349939018,-1.6336334158544485,14.917032956574236,1.8303616677642354,0.30165255399999996,0.057466969000000034,0.2357518659999993
191702.0,0.23957645949999998,4.253732503999999,14.6014153845,0.5877710415356264,0.3798953463060938,-1.6152463721846884,15.210291526668577,1.7603454531053553,0.24300878699999998,0.2693886754999997,0.22633748199999992
191712.0,0.31616639599999996,4.578136485999999,14.786957202499998,0.34742175024348726,0.6386299359387412,-1.6080521250079676,15.482680587771958,1.7647610898821429,0.07658993649999998,0.32440398199999976,0.18554181799999903
191722.0,0.397561591,4.9756000105,15.0550710135,0.13345311059524242,0.7473464950454679,-1.5720808891243645,15.860952490460777,1.7457877414893095,0.08139519500000003,0.3974635245000009,0.268113811000001
191732.0,0.501708214,5.040225833999999,15.1927563795,-0.020029398495886926,0.6514214540266077,-1.4884115501130084,16.014850420673746,1.6248446172111521,0.104146623,0.06462582349999924,0.13768536600000125
192172.0,-0.1566122005,3.7532991545,8.262691023999999,1.1143019702772756,0.07959224987869741,-0.2368359435078745,9.076554681298736,1.1419698206790916,-0.6583204145,-1.2869266794999992,-6.930065355500002
192182.0,0.33774102599999994,4.1363469035,8.546397408499999,1.1777202539777416,-0.03498687018547833,-0.17928022076485753,9.500754884258043,1.1918013573042563,0.4943532264999999,0.3830477489999997,0.2837063845000003
192192.0,0.4814084485,4.524199910999999,8.929543224,1.2347419059696485,-0.11119492664455874,-0.13744642392380543,10.021820249748242,1.2473345202945727,0.14366742250000003,0.3878530074999995,0.3831458155000007
192202.0,0.6885248964999999,5.0605255995,9.141366864,1.2531289496394087,-0.23270125850989998,-0.10280687425947398,10.471273753394684,1.278691242455137,0.20711644799999995,0.5363256885000007,0.21182364000000042
192212.0,1.1589498969999998,5.394540098499999,9.268264915,1.1659951320628439,-0.3267622878876304,-0.0694990108144142,10.786332197401517,1.2129090457589924,0.4704250004999999,0.33401449899999935,0.1268980509999995
192222.0,1.7539193525,5.442396550499999,9.330537142499999,0.9855996459059618,-0.3243642054953902,-0.02100154688924777,10.943255305234379,1.0378149472754545,0.5949694555000002,0.04785645199999955,0.06227222749999939
192232.0,2.3776222925,5.471130034999999,9.4813634195,0.8070699167194619,-0.20125915203522213,0.04268202685752133,11.20190179917253,0.832879854581777,0.6237029399999998,0.028733484500000017,0.15082627700000018
192242.0,2.7284061630000003,5.572923062,9.717213352,0.7044812086164871,-0.008873253917139171,0.13780945240822026,11.529349807060019,0.7178885380766836,0.35078387050000037,0.10179302700000115,0.23584993250000075
192252.0,2.8181370105,5.6603003135,10.205584522,0.6890280634193294,0.14567565134695873,0.29795388325421196,12.005617488686038,0.7646944384007358,0.08973084749999982,0.08737725149999953,0.48837117000000063
192262.0,2.800190841,5.6603003135,10.781431009999999,0.7244669738810742,0.24346644933620099,0.5156540368432206,12.494771826985,0.9219693020429084,-0.017946169500000053,0.0,0.575846487999998
192272.0,2.675646386,5.564489343,11.360807891999999,0.7777588572614691,0.2797047205953593,0.750406057224214,12.930219688396825,1.1163569417936114,-0.12454445500000011,-0.09581097049999965,0.579376882
192282.0,2.4254787445,5.394540098499999,12.034818946499998,0.8281203328277655,0.2637175046470912,0.9697049324080496,13.409730686683494,1.3021742832035033,-0.25016764150000004,-0.1699492445000006,0.6740110544999993
192292.0,2.1561881355,5.2425370235,12.782968275,0.8622275570702387,0.20962626046928293,1.155163618724967,13.983476664910471,1.4566339675002118,-0.269290609,-0.15200307499999965,0.748149328500002
192302.0,1.8472786605,5.0629772619999995,13.453350869,0.8483713881386558,0.13688093724615927,1.3174390965876437,14.492716336473668,1.5729323495978342,-0.3089094749999999,-0.1795597615000002,0.6703825939999994
192312.0,1.5085569694999998,4.80918116,14.1153978105,0.7649690845028547,0.07746120286201234,1.450670550367883,14.988276182022872,1.641835248707562,-0.33872169100000016,-0.2537961019999999,0.6620469414999999
192322.0,1.1936654379999998,4.576959688,14.517568527,0.5965640103071738,0.05214694739108658,1.5684471136217122,15.268699784185742,1.6788788731603796,-0.31489153150000004,-0.23222147199999998,0.4021707165000006
192332.0,0.8262102625,4.3470918119999995,14.728313435499999,0.3676728055543774,0.05507735520518506,1.6649062253916829,15.378655574338984,1.7059101812078519,-0.36745517549999984,-0.22986787600000014,0.21074490849999883
192342.0,0.428746738,4.0681906859999994,14.795292854999998,0.11719885927141922,0.09904394439217422,1.7517730075926927,15.350397059627376,1.7584805787001545,-0.39746352449999994,-0.27890112600000005,0.06697941949999908
192352.0,-0.138666031,3.7557508169999996,14.759400515999998,-0.11888659265809774,0.16938943989380564,1.825850017035088,15.230390541914886,1.8375404999532448,-0.567412769,-0.31243986899999987,-0.035892339000000106
192362.0,-0.540934814,3.167940216,14.681535715,-0.30727568678911366,0.2402690061465474,1.8554263665393838,15.029169858510746,1.8959837933526518,-0.402268783,-0.5878106009999997,-0.07786480099999693
192372.0,-0.9324162819999999,2.9775931395,14.6624127475,-0.4548956349227941,0.34019259648172673,1.8951291163637507,14.990724085426516,1.9784275091755172,-0.39148146799999994,-0.1903470764999997,-0.01912296750000131
192382.0,-1.3585152244999998,2.6364197860000003,14.800098113499999,-0.5572173076502137,0.43505298665687053,1.9196440110372632,15.094342551844939,2.045677237067287,-0.4260989424999999,-0.3411733534999999,0.13768536599999948
192392.0,-1.823056235,2.325156715,14.978481076999998,-0.6259658268862703,0.5157919178541283,1.9425601841159488,15.267114434605151,2.1050925366514512,-0.4645410105000001,-0.3112630710000004,0.17838296349999894
192402.0,-2.333002035,2.1228455255,15.180792266500001,-0.6864519574433858,0.5581580401170386,1.9601461216590434,15.505025812912269,2.150564927148246,-0.5099457999999999,-0.20231118950000004,0.20231118950000315
192412.0,-2.774693551,1.9276931904999999,15.314849171999999,-0.7618606531050528,0.5722812444241766,1.9553499568745631,15.683096967747476,2.1751622770080163,-0.4416915160000001,-0.19515233499999995,0.13405690549999782
192422.0,-3.1457771869999998,1.863067367,15.22384346,-0.8737746554014332,0.5850710171827912,1.9265729681676806,15.6567028399601,2.1948744030681175,-0.37108363599999983,-0.0646258234999999,-0.0910057119999994
192432.0,-3.4175194585,1.8427676014999999,15.03947844,-1.0107376231224363,0.6309033633401623,1.883938065199963,15.532583282557638,2.2290922435328917,-0.2717422715000004,-0.020299765500000122,-0.18436501999999955
192442.0,-3.7072078994999997,1.8786599404999997,14.865900734999999,-1.139438202164498,0.7124399100055814,1.8373081035744308,15.43592427569623,2.2763108551735405,-0.2896884409999996,0.035892338999999884,-0.17357770500000136
192452.0,-3.977773373,1.9577015395,14.699579950999999,-1.2588134870131542,0.806767974758867,1.792542153590028,15.353596551314926,2.3342436317959434,-0.27056547350000004,0.07904159900000018,-0.16632078399999983
192462.0,-4.287859646,2.0665553544999997,14.633679263,-1.3739249324991882,0.8757817840412268,1.7333877092521843,15.388338446673314,2.378927574346867,-0.31008627300000047,0.1088538149999998,-0.06590068799999926
192472.0,-4.512922263499999,2.1120582105,14.5906280695,-1.490635099580049,0.8765811448386401,1.667037272408368,15.417966295961854,2.4019576955444855,-0.225062617499999,0.04550285600000015,-0.043051193500000196
192482.0,-4.590688997999999,2.207869181,14.564248180999998,-1.6078793374120202,0.8152956534841111,1.5972241023285947,15.42940170176827,2.408548899093806,-0.07776673449999993,0.09581097050000009,-0.02637988850000106
192492.0,-4.554796659,2.334767232,14.284170257,-1.707003566949786,0.6804654781090452,1.5276779676243766,15.173491047330602,2.389705926937959,0.03589233899999922,0.12689805099999996,-0.28007792399999865
192502.0,-4.314141468,2.4484263055,13.8412038765,-1.778415458624386,0.5080635999262973,1.4562660759497768,14.703249053533039,2.354060544889705,0.2406551910000001,0.11365907350000004,-0.4429663804999997
192512.0,-4.0053300595,2.5897401319999998,13.257021735999999,-1.8013316317030714,0.35671388318110503,1.4064369258053384,14.088933534714474,2.3130294568156637,0.30881140849999955,0.1413138264999998,-0.5841821405000012
192522.0,-3.6917133924999996,2.7226202395,12.670485999499999,-1.7933380237289376,0.2642498300689495,1.393647153046724,13.475259708236587,2.2865129842707477,0.3136166670000007,0.13288010750000012,-0.5865357365000001
192532.0,-3.4822433485,2.7872460629999996,12.082675398499997,-1.7834786587844216,0.26771430863415824,1.4154969299524411,12.879666305436587,2.292618292715063,0.2094700439999997,0.06462582349999968,-0.587810601000001
192542.0,-3.4462529429999997,2.7237970375,11.576259992499999,-1.8026633179223432,0.3964166330054721,1.4517352012115994,12.381660836195845,2.348249620279554,0.03599040550000021,-0.06344902549999976,-0.5064154059999986
192552.0,-3.5839383089999997,2.4759829919999996,11.195663906,-1.8722094526265614,0.6492886616806706,1.4789152136529071,12.013242521297164,2.472637096272995,-0.13768536599999992,-0.2478140455000002,-0.3805960864999989
192562.0,-3.861662637,2.1779588985,11.018457740499999,-1.961209027173508,0.9527892012977205,1.4719880018517417,11.876967385016322,2.630759735888454,-0.27772432800000013,-0.2980240934999996,-0.17720616550000123
192572.0,-4.15017428,1.8929776495,10.902347004500001,-2.0328862088944115,1.2173863518878167,1.4189614085176498,11.818142034279763,2.7619028489319124,-0.2885116430000001,-0.2849812490000001,-0.11611073599999777
192582.0,-4.44829644,1.5230708115,10.899895341999999,-2.0587345351164474,1.406042481394388,1.3411546304637427,11.870754162289488,2.830907820537638,-0.29812216000000014,-0.3699068379999999,-0.002451662500002172
192592.0,-4.644625573,1.147181917,10.9442214,-2.030222836455868,1.4982377538017362,1.2279071966188386,11.94422685301461,2.8061142557087937,-0.19632913299999988,-0.37588889450000007,0.04432605800000111
192602.0,-4.842131503999999,0.83356525,10.938239343500001,-1.9516166976045473,1.5003705461476735,1.0941434174167413,11.991086208668847,2.6938948249686234,-0.19750593099999936,-0.3136166669999999,-0.0059820564999988335
192612.0,-4.983347263999999,0.626448802,10.841251575,-1.847961593328604,1.4356205762279357,0.9462564339075057,11.948176587562786,2.5241572312393643,-0.1412157599999997,-0.20711644800000006,-0.09698776850000179
192622.0,-5.052778346,0.554664124,10.775448953499998,-1.740843755816704,1.3343635543442327,0.8029003251364475,11.914215100196209,2.335746563613526,-0.06943108200000125,-0.07178467799999999,-0.06580262150000138
192632.0,-5.0552300085,0.48886150249999993,10.700035815,-1.6481144126582454,1.2277797875834429,0.6779295147058975,11.844201216196396,2.164096289659878,-0.0024516624999995074,-0.06580262150000005,-0.07541313849999831
192642.0,-5.083963493,0.40864310549999994,10.598242787999999,-1.5841638035359211,1.1470408563861854,0.5841337753744702,11.761650572059324,2.041198165339608,-0.028733484500000017,-0.080218397,-0.10179302700000115
192652.0,-5.1258378884999996,0.3307783045,10.443886117,-1.55192233626383,1.1004091494314008,0.49700170312715725,11.638659096767778,1.9663097230238724,-0.04187439549999983,-0.07786480099999993,-0.1543566709999986
192662.0,-5.290981874499999,0.09973363049999999,10.318164864,-1.5356680849400068,1.0764283255089988,0.39734340283828107,11.596075290977735,1.9169914415146772,-0.16514398599999947,-0.231044674,-0.12572125300000003
192672.0,-5.4825057489999995,-0.04393379199999999,10.308554347,-1.5079557470768408,1.059107678012207,0.2521215370968409,11.675876506324917,1.8598937814387562,-0.19152387450000052,-0.14366742249999997,-0.009610517000000485
192682.0,-5.602244945499999,-0.276155264,10.417506228499999,-1.474914919007336,0.9919596257002291,0.06000267435431306,11.831561443023972,1.778470758336899,-0.11973919649999942,-0.232221472,0.10895188149999946
192692.0,-5.558016954,-0.47483799299999996,10.514493996999999,-1.4474696165197252,0.8376777558116864,-0.13904514551863226,11.90258827287144,1.678155495126051,0.04422799149999879,-0.19868272899999995,0.09698776850000002
192702.0,-5.3376615285,-0.5490743334999999,10.41270097,-1.4069675058979447,0.6194452768008194,-0.31997295709737245,11.71394274816026,1.570239697268275,0.2203554255000002,-0.07423634049999994,-0.10179302699999937
192712.0,-4.9761884095,-0.495235825,10.1637101265,-1.3462125946360222,0.4070753587474014,-0.4510733638609265,11.32734360495541,1.4769786312742605,0.36147311900000023,0.05383850849999988,-0.24899084349999967
192722.0,-4.661296878,-0.2354576665,9.799785344999998,-1.2990485622593797,0.27437623038902054,-0.5192878123458728,10.85444248709453,1.425646981184898,0.3148915314999998,0.2597781585,-0.3639247815000015
192732.0,-4.417111293,-0.1109132115,9.5172557585,-1.2891909426441155,0.26185174767670927,-0.5358073537159992,10.492918139770975,1.4204468116241142,0.24418558500000032,0.124544455,-0.28252958649999904
192742.0,-4.310611074,-0.060605097,9.2395314305,-1.3310247394851678,0.3647074911552391,-0.5320775851044873,10.195782552814237,1.4791027576868792,0.10650021899999995,0.0503081145,-0.2777243279999997
192752.0,-4.290213241999999,-0.0846313895,8.9594535065,-1.4237540826436264,0.5546953068810818,-0.5376731106863811,9.934027343885056,1.6198317644976163,0.02039783200000045,-0.024026292500000004,-0.2800779240000004
192762.0,-4.3393445585,-0.18279595599999998,8.688888033,-1.55192233626383,0.8001060530040045,-0.5747107427429528,9.713912744559943,1.8381852658729445,-0.049131316500000466,-0.09816456649999998,-0.2705654734999996
192772.0,-4.414757697,-0.24977537549999998,8.460295021499999,-1.6926150725963447,1.0697664037541363,-0.642659901181596,9.546154467231535,2.102940249072266,-0.07541313850000009,-0.0669794195,-0.228593011500001
192782.0,-4.608635167499999,-0.2952782315,8.2219934265,-1.8229143732332336,1.312780812814071,-0.7228647616277434,9.430158177174162,2.3598609573947824,-0.19387747049999948,-0.04550285600000001,-0.23830159499999937
192792.0,-4.8361494474999995,-0.32999377249999995,8.0723439475,-1.9156437163916924,1.4614671571207198,-0.8115955554698832,9.415942553732112,2.542491778777655,-0.2275142800000003,-0.03471554099999996,-0.14964947899999892
192802.0,-5.026496524,-0.405406911,7.894059050499999,-1.950817336807134,1.5001035107721183,-0.9107197850076492,9.367293651960079,2.6240063550651875,-0.19034707650000016,-0.07541313850000003,-0.17828489700000105
192812.0,-5.184481655499999,-0.498766219,7.777850248,-1.903119233679381,1.4068418421918012,-1.0029168027442497,9.36069293683674,2.5703908068168864,-0.15798513149999938,-0.09335930800000003,-0.11620880249999921
192822.0,-5.245577085,-0.498766219,7.606724205499999,-1.7778831332025278,1.186211280788694,-1.0775261376085032,9.253491224096571,2.3935388476533843,-0.0610954295000008,0.0,-0.17112604250000096
192832.0,-5.206056285499999,-0.544269075,7.2571171329999995,-1.6046818942223666,0.9037611572799478,-1.1233567384366223,8.947904780219643,2.157247916407393,0.03952079950000087,-0.04550285599999998,-0.34960707249999956
192842.0,-5.098281202,-0.578984616,6.991356917999999,-1.4154934392939371,0.6333014457324024,-1.1364135465707919,8.672183459492636,1.9225317023863444,0.10777508349999909,-0.03471554099999996,-0.26576021500000024
192852.0,-5.0097271525,-0.6340979889999999,6.5652579755,-1.2534849968068156,0.44464531622583137,-1.1220250522173507,8.282635974556406,1.74007882357803,0.0885540494999999,-0.055113372999999966,-0.42609894249999947
192862.0,-4.866059729999999,-0.7669780964999999,6.1857406205,-1.1442343669489783,0.364440455779684,-1.0903159103671176,7.907602653177646,1.6219981247571496,0.14366742250000097,-0.1328801075,-0.37951735499999995
192872.0,-4.82291047,-1.0015531645,5.904387831999999,-1.0954716129775088,0.3910863974698814,-1.0599384547361563,7.689302296933398,1.57368235452838,0.04314925999999897,-0.23457506800000005,-0.28135278850000045
192882.0,-4.983347263999999,-1.1751308695,5.6854053375,-1.0848128872355796,0.46862788547748546,-1.0447505995853017,7.651046749676908,1.5773188994915837,-0.16043679399999888,-0.17357770500000003,-0.21898249449999962
192892.0,-5.249107478999999,-1.387052576,5.496235058999999,-1.0808160832485125,0.5411044279958019,-1.0666003764910186,7.725648451648747,1.6120154375613474,-0.26576021500000024,-0.21192170650000008,-0.18917027850000068
192902.0,-5.434649297,-1.6958639844999999,5.3058879825,-1.063762471127276,0.5893348565454133,-1.1396109897604454,7.782275690191445,1.6666191454861525,-0.1855418180000008,-0.3088114084999998,-0.19034707649999927
192912.0,-5.524478210999999,-1.9353423774999998,5.1095588495,-1.0176648349236017,0.6074548648396184,-1.261651392376897,7.7700065159859975,1.7310133924796665,-0.08982891399999904,-0.23947839299999996,-0.19632913299999988
192922.0,-5.554388493499999,-1.9616241995,4.944316796999999,-0.9499827118605135,0.6010599784603112,-1.3911513322163722,7.690609184315996,1.78858667099695,-0.029910282500000385,-0.026281822000000288,-0.1652420525000009
192932.0,-5.4550471289999996,-1.874246948,4.7527929225,-0.8511255176983028,0.5637553110281844,-1.5225187743554816,7.473913390310631,1.8331115939447349,0.09934136449999986,0.0873772515000002,-0.19152387449999875
192942.0,-5.206056285499999,-1.8000106074999997,4.640310647,-0.7333489544444735,0.5203210472630535,-1.6104502074002078,7.202467850366854,1.8444740582955066,0.24899084350000056,0.07423634050000016,-0.11248227550000056
192952.0,-4.959419037999999,-1.7186154124999997,4.531358765499999,-0.6113102971572739,0.4931427801509978,-1.6645431969072682,6.934168183151679,1.840541804848735,0.24663724749999982,0.08139519500000003,-0.10895188150000035
192962.0,-4.7678951634999995,-1.6036814745,4.5182178545,-0.5001956556583069,0.4800859720168283,-1.6877246600322566,6.761576084205794,1.8245801606253924,0.19152387449999964,0.11493393799999962,-0.01314091099999981
192972.0,-4.613440426,-1.5438609094999998,4.5301819675,-0.3970746221334739,0.45903555590852463,-1.6855936130155715,6.647547497445611,1.7915378101981485,0.15445473749999916,0.059820565000000325,0.011964113000000332
192982.0,-4.5140990615,-1.573771192,4.6019666455,-0.28942271387046364,0.41480193134598037,-1.6682729655187798,6.635656946233643,1.743261551527287,0.09934136450000075,-0.029910282500000163,0.07178467800000021
192992.0,-4.49732969,-1.6923335904999999,4.6725745255,-0.18230487635856368,0.35538045163258136,-1.6549508673383073,6.702456267551596,1.702466653608964,0.016769371499999686,-0.11856239849999994,0.07060787999999985
193002.0,-4.4925244315,-1.8611060369999999,4.769562294,-0.08531343916673481,0.30235560362774166,-1.666674243923953,6.81140337411673,1.69602486105217,0.004805258500000242,-0.1687724465,0.09698776850000002
193012.0,-4.529691635,-2.01428591,4.883319434,0.007150613945420769,0.25146005731033505,-1.698116350398631,6.9586106896345035,1.716648604459713,-0.037167203500000134,-0.15317987300000002,0.1137571399999997
193022.0,-4.3883778085,-1.976039975,4.874885715,0.09508204699014708,0.20296433871442057,-1.7290261314514506,6.8503360871744325,1.7434926101625976,0.14131382650000024,0.03824593499999995,-0.008433719000000117
193032.0,-4.3285572435,-1.9388727714999998,4.835462982,0.1656945778673337,0.1648603104848804,-1.7764571992036484,6.77328116090073,1.7917683432046332,0.05982056499999988,0.037167203500000134,-0.03942273299999943
193042.0,-4.158607999,-2.0526299115,4.831834521499999,0.20886180625690945,0.1635286242656087,-1.8212231491880508,6.697308032791266,1.8404397909753916,0.1699492444999997,-0.11375714000000015,-0.003628460500000763
193052.0,-4.0065068575,-1.920926602,4.8856730299999995,0.2304445477870713,0.18857584436097935,-1.8566620596497958,6.603927404623341,1.880388136110273,0.1521011415000002,0.13170330949999998,0.05383850850000016
193062.0,-3.789877959,-1.8778754084999998,4.872532119,0.2312439085844847,0.22534644104199586,-1.874782067944001,6.4522213418829395,1.9023833909157504,0.21662889849999978,0.043051193500000196,-0.01314091099999981
193072.0,-3.5336301944999997,-1.8886627235,4.943139999,0.23017925774076817,0.2605200614574376,-1.8734486363954772,6.363035618659874,1.905429869170721,0.2562477645000003,-0.010787315000000186,0.07060787999999985
193082.0,-3.3253369485,-1.8886627235,5.0413045655,0.2520290346464852,0.27730663820311907,-1.8465374046589766,6.327690291593677,1.8841756798932163,0.20829324599999977,0.0,0.09816456650000038
193092.0,-3.1613697604999995,-1.8718933519999998,5.1766363355,0.29626091387977743,0.2759749519838474,-1.8025708154719877,6.347897859440122,1.8474832199526778,0.16396718800000043,0.01676937150000013,0.13533176999999963
193102.0,-3.0836030259999996,-1.9245550624999999,5.25440307,0.3554153582176213,0.2583890144407525,-1.7495442221378958,6.389152638071512,1.8038819098978511,0.07776673449999993,-0.052661710500000014,0.07776673450000082
193112.0,-3.0895850824999997,-1.9963397404999998,5.3633549515,0.4334891716470836,0.24346644933620099,-1.6877246600322566,6.503574761412811,1.7594326648009715,-0.005982056500000166,-0.07178467799999999,0.10895188149999946
193122.0,-3.1649982210000003,-2.01428591,5.441121686,0.51955659305068,0.2349405159402087,-1.6256398078803145,6.609112396382526,1.7227422570941444,-0.07541313850000053,-0.017946169500000053,0.07776673449999993
193132.0,-3.261887923,-2.0418425965,5.5153580264999995,0.6037600028131465,0.24879668487179168,-1.573412575343636,6.725192054623651,1.7035413301853342,-0.09688970199999991,-0.027556686500000094,0.07423634049999972
193142.0,-3.2799321589999995,-2.0849918565,5.483094147999999,0.6559854900205727,0.301022172079218,-1.551295763062364,6.720823420172974,1.7109792096036887,-0.01804423599999927,-0.043149259999999856,-0.03226387850000023
193152.0,-3.1517592435,-2.1579533325,5.402875751,0.646660195827167,0.42092978234973244,-1.5691487359810141,6.616752624587031,1.7485934479366658,0.12817291549999954,-0.07296147600000014,-0.08021839699999944
193162.0,-2.821373205,-2.104114824,5.3166752975,0.5784457473422207,0.5752116522382752,-1.6163127683576568,6.37608674450993,1.810506805467734,0.3303860384999999,0.05383850850000016,-0.08620045350000005
193172.0,-2.3150558654999998,-1.9473064905,5.2807829585,0.4875821611541439,0.7262960789371643,-1.6664072085483979,6.085898034235654,1.8820614609670188,0.5063173395000002,0.1568083334999999,-0.035892339000000106
193182.0,-1.7152811515,-1.7425436384999997,5.3633549515,0.42336451665626457,0.8520662501651277,-1.6839948914207448,5.8944231351801974,1.9341905808283786,0.5997747139999998,0.20476285200000022,0.08257199300000018
193192.0,-1.3501795719999998,-1.3068341789999998,5.4016989529999995,0.4268289952214733,0.8587281719199901,-1.6370978944196573,5.719191553610528,1.89728400096667,0.3651015795000001,0.43570945949999995,0.038344001499999614
193202.0,-0.9180005065,-0.8854424284999999,5.3406035235,0.5051680986972388,0.7284288712831014,-1.5307776723759186,5.490790400237733,1.7689216236749417,0.43217906549999985,0.4213917504999999,-0.06109542949999991
193212.0,-0.5014140145,-0.7417750059999999,5.2364569004999995,0.6535874076283326,0.5528295499106999,-1.3738324300488325,5.312450192167205,1.6187070632201095,0.416586492,0.14366742249999997,-0.1041466230000001
193222.0,-0.12189665949999999,-0.763349636,5.230474843999999,0.8638262786650655,0.39987936624142884,-1.1915711869215688,5.287289339169496,1.5251036819703958,0.379517355,-0.02157463000000015,-0.00598205650000061
193232.0,0.10316595799999999,-0.8244450655,5.2951006675,1.0903194010256216,0.2927615287295289,-1.0250318696962697,5.359892159351371,1.5248593518255875,0.22506261749999998,-0.06109542949999991,0.06462582350000101
193242.0,0.092378643,-0.776490547,5.3896367734999995,1.291498267915252,0.24453284550916954,-0.8944655336838259,5.446067933245634,1.5899159347302607,-0.010787314999999992,0.04795451849999999,0.09453610599999962
193252.0,-0.0297141495,-0.681954441,5.5704713995,1.4087425057472232,0.2802387913464695,-0.8209225949925409,5.612138309319151,1.6543890517782034,-0.12209279249999999,0.09453610599999995,0.18083462600000022
193262.0,-0.0261837555,-0.635274787,5.8445672669999995,1.4273948394632865,0.39535023683250353,-0.8179921871784424,5.879049768673321,1.6920014940226589,0.003530393999999999,0.04667965400000007,0.2740958674999998
193272.0,0.027654752999999997,-0.6675386655,6.202509992,1.3892908112337463,0.5538959460836684,-0.856895576205396,6.238389444092189,1.7237168287705555,0.05383850849999999,-0.03226387850000001,0.3579427250000009
193282.0,0.0887501825,-0.5179872529999999,6.641847911999999,1.352785504599033,0.6775333249656947,-0.906457690974279,6.662606927870128,1.7637305841365771,0.0610954295,0.14955141250000004,0.43933791999999894
193292.0,0.2252587505,-0.3396042895,7.0381346385,1.3477223044389974,0.707643745221101,-0.9490908486127445,7.049922819987262,1.79384740681959,0.136508568,0.17838296349999994,0.3962867265000005
193302.0,0.4802316505,-0.2030957215,7.514541695499999,1.3836952856518525,0.6293046417453354,-0.9528206172242563,7.532609587894593,1.7940189810213825,0.2549729,0.136508568,0.4764070569999994
193312.0,0.6645966704999999,0.112972608,7.861697105499999,1.4599033421109329,0.46196596372262305,-0.9117861811806177,7.890547061086771,1.7821572209366876,0.18436501999999994,0.31606832949999997,0.34715541000000005
193322.0,0.8154229475,0.5737870915,8.0688135535,1.5550307676616317,0.2605200614574376,-0.8318466107807734,8.130184399558654,1.7826834196411796,0.15082627700000006,0.4608144835,0.20711644800000073
193332.0,1.0356803065,0.9461455919999999,8.214834572,1.6357679535296374,0.08545481083614637,-0.726062204817397,8.333746589851371,1.7917046764893705,0.22025735899999999,0.37235850049999997,0.14602101849999904
193342.0,1.2127884055,1.1519871755,8.316627599,1.6770694249488314,-0.03525390556103346,-0.6069539553442961,8.483173037813163,1.7838715754962844,0.17710809900000002,0.20584158350000004,0.10179302700000115
193352.0,1.461779249,1.156792434,8.273478338999999,1.6624156405490869,-0.09574003611814895,-0.5094284474013568,8.480885044266833,1.74135270967139,0.2489908434999999,0.00480525850000002,-0.04314926000000163
193362.0,1.7491140939999998,1.2094541444999998,8.114316409499999,1.6027271254601327,-0.07628834160467216,-0.45613481869171,8.388343712256825,1.6681166393790965,0.28733484499999995,0.05266171049999979,-0.15916192949999974
193372.0,1.9778051719999998,1.4069600754999998,7.9515260195,1.5126629000694696,0.02630036649830255,-0.422294629824792,8.313724555891085,1.5707238818148088,0.228691078,0.19750593100000002,-0.16279038999999873
193382.0,2.2519010395,1.4836480785,7.8580686449999995,1.4074108195279513,0.19337200914545974,-0.36820338564698374,8.307918676905189,1.4675733992026405,0.27409586750000003,0.07668800300000012,-0.09345737450000069
193392.0,2.441071318,1.4094117379999997,7.9874183585,1.3479893398145524,0.38069470710350717,-0.2677457245606941,8.470190237561212,1.4260755566556875,0.18917027850000023,-0.07423634050000016,0.1293497135000008
193402.0,2.2997574915,1.550627498,8.388412277,1.3557159124131313,0.5328455299753648,-0.11159984303102141,8.83508860658389,1.4609396014036464,-0.14131382650000024,0.14121576000000036,0.4009939185000002
193412.0,1.9203382029999998,1.802070004,8.951019787499998,1.3951533721911953,0.6141150412652288,0.07066140009624243,9.330375681044915,1.525969609562464,-0.37941928850000006,0.25144250599999984,0.5626075104999977
193422.0,1.5695543324999999,1.8223697694999998,9.4813634195,1.418334835316184,0.60878655105889,0.24812473310977387,9.78165551796268,1.563285211662402,-0.35078387049999993,0.0202997654999999,0.530343632000001
193432.0,1.1996474945,1.744603035,9.9110908225,1.43059228265294,0.527250004393471,0.38961683023970217,10.134718306526091,1.573654384140653,-0.3699068379999999,-0.07776673449999993,0.4297274030000011
193442.0,0.8968181425,1.7026305729999998,10.215195039,1.4471135693523185,0.39774831922474374,0.4671565729180543,10.394875820982262,1.5718068175416016,-0.30282935199999994,-0.041972462000000155,0.30410421649999897
193452.0,0.811794487,1.5949535559999999,10.3504287425,1.4604356675327912,0.24160069236581908,0.47834936941109385,10.504011723550711,1.5556546380124296,-0.08502365550000002,-0.10767701699999987,0.13523370350000086
193462.0,0.9985131029999998,1.5278760699999998,10.241574927499999,1.4665652638657953,0.0950471404051072,0.4551661609568532,10.402946250833844,1.538513524853499,0.18671861599999984,-0.06707748600000007,-0.10885381500000157
193472.0,1.3157582305,1.5841662409999997,10.066722358,1.4686963108824802,0.021237166338267003,0.4330493486755811,10.27519836466964,1.5313561340270365,0.3172451275000001,0.05629017099999989,-0.17485256949999872
193482.0,1.564749074,1.7146927525,9.984150365,1.4812207935947916,0.030829495907227836,0.45943000031947534,10.25045703424923,1.5511419736403986,0.24899084350000011,0.13052651150000028,-0.08257199300000018
193492.0,1.7323447225,1.8786599404999997,10.063191964,1.5062680136901623,0.10863627396113505,0.5572207983087176,10.382591868793035,1.6097018938778913,0.16759564849999986,0.16396718799999976,0.07904159899999996
193502.0,1.6437906729999998,2.0534144435,10.3731801705,1.5179913902758082,0.24773028869882313,0.7165658683572959,10.701468380697605,1.6968013438776293,-0.08855404950000012,0.17475450300000017,0.3099882064999999
193512.0,1.228380979,2.1671715834999996,10.807712831999998,1.4926788801341342,0.39082110742357823,0.903356240893485,11.091086924232282,1.7879831864890376,-0.41540969399999983,0.1137571399999997,0.4345326614999987
193522.0,0.6549861535,2.1108814125,11.3560026335,1.458304620516106,0.4606342775033514,1.0645653225831933,11.569080473874044,1.863366745940347,-0.5733948255,-0.05629017099999967,0.5482898015000011
193532.0,0.0648219565,1.9145522794999998,11.838489813499999,1.430059957231082,0.4222632138982561,1.145304253780451,11.992479034016544,1.8801860378204716,-0.590164197,-0.1963291330000001,0.4824871799999997
193542.0,-0.3182257925,1.6572257835,12.1497528845,1.4127393097342902,0.2663826224148866,1.1325144810218366,12.266383334419542,1.830131445693809,-0.383047749,-0.2573264959999999,0.31126307100000083
193552.0,-0.343428883,1.4094117379999997,12.227519619,1.3940869760182266,0.03216118212649951,1.0443142672723031,12.313270113090216,1.742155310862928,-0.025203090500000025,-0.2478140455000002,0.07776673450000082
193562.0,-0.06325289249999999,1.3220344865,11.995298146999998,1.3581139948053715,-0.17594489656429635,0.9313356141322062,12.068096525439566,1.6561449983815546,0.2801759905,-0.08737725149999975,-0.23222147200000265
193572.0,0.325776913,1.5793609825,11.603816679,1.3045550760494218,-0.2934561697718226,0.8521954045297753,11.715334960210303,1.5856284172293107,0.3890298055,0.2573264959999999,-0.3914814679999985
193582.0,0.6573397495000001,2.023504161,11.196840704,1.249931506449755,-0.2985176246026061,0.8471322043697398,11.397188529922992,1.5391798188302985,0.33156283650000007,0.44414317850000007,-0.40697597499999993
193592.0,0.7280456959999999,2.4484263055,10.9490266585,1.223817890181416,-0.20418955984932058,0.935065382743718,11.243043479301864,1.5536315118731365,0.07070594649999984,0.4249221445,-0.2478140455000002
193602.0,0.5232828439999999,2.7369379485,10.999334773,1.2661857577735782,-0.051241121509301525,1.0826853308773985,11.346806586757838,1.6667511966155246,-0.204762852,0.2885116430000001,0.050308114499999945
193612.0,-0.015396440499999999,2.7334075545,11.6433374785,1.3778327246944035,0.0958465012025206,1.2553524991064495,11.95989387693806,1.866418888150347,-0.5386792844999999,-0.0035303940000002143,0.6440027055000002
193622.0,-0.5588809834999999,2.4472495074999996,12.586639142,1.4937435309778508,0.1712551968641876,1.3952458746415508,12.834518417011346,2.0511726230367437,-0.5434845429999999,-0.28615804700000025,0.9433016634999998
193632.0,-0.9239825629999999,2.070183815,13.5742668635,1.5507669282990098,0.11423179954302887,1.426955016491784,13.762271821401077,2.110480416640688,-0.3651015795,-0.37706569249999955,0.9876277215000009
193642.0,-1.0305808484999999,1.6331994909999998,14.326044652499998,1.5430403557004309,-0.11226132281752728,1.3691322583732117,14.455621496432501,2.065937870517646,-0.10659828549999995,-0.4369843240000002,0.7517777889999984
193652.0,-0.9072131914999999,1.5027710459999999,14.7545952575,1.4902790524126424,-0.4317490783828453,1.2769369859658632,14.85864858606492,2.009454400296743,0.12336765699999996,-0.13042844499999995,0.42855060500000164
193662.0,-0.725299834,1.6225102425,14.8479545655,1.4114076235150184,-0.6992783821162921,1.1983308471145426,14.953941089738523,1.9791560207719219,0.18191335749999993,0.11973919650000009,0.09335930800000014
193672.0,-0.6187015484999999,2.034291476,14.397829330499999,1.289634256274122,-0.9305676692613286,1.1620908305261324,14.553989928732554,1.9696618492581628,0.10659828550000006,0.41178123349999995,-0.45012523500000157
193682.0,-0.5696682985,2.3228031189999996,13.895042385,1.1715906576447377,-1.0251610240609172,1.2073891059323931,14.099366623394772,1.9701188409479975,0.04903324999999992,0.28851164299999965,-0.5027869454999987
193692.0,-0.7216713735,2.4592136205,13.6221233155,1.1182987742643429,-0.9183102219245725,1.3267643907810494,13.861124948043386,1.9632089957151528,-0.152003075,0.13641050150000034,-0.27291906950000033
193702.0,-1.0904014135,2.4329317985,13.668802969499998,1.0959149266075154,-0.6342613768209993,1.4797145744503206,13.926388871409818,1.9475297795742994,-0.36873004,-0.026281822000000066,0.046679653999998294
193712.0,-1.5752421895,2.092935243,14.0842126635,1.0468868825897428,-0.27000592594202677,1.5868324119622206,14.325739500551656,1.920133445528232,-0.484840776,-0.33999655549999996,0.4154096940000027
193722.0,-2.0552777069999997,1.748133429,14.772541427,0.9725428377717923,0.057742472972980394,1.6017549770667718,15.016927686810963,1.8747780591431138,-0.48003551749999973,-0.344801814,0.6883287634999995
193732.0,-2.5951337894999997,1.676348751,15.524319215999999,0.8736856436095815,0.25519157125109887,1.546063265964885,15.828750792170894,1.794090567461158,-0.5398560825000001,-0.07178467799999999,0.7517777889999984
193742.0,-3.1457771869999998,1.6811540095,16.1995070685,0.7705646100847485,0.2674490185878551,1.484510739234801,16.587532130376992,1.693833206299287,-0.5506433975,0.00480525850000002,0.6751878525000024
194152.0,-1.0819676944999999,2.171976842,7.912005219999999,0.2032662806750156,0.2154888214267319,0.07812268264851818,8.275745531094657,0.306358885236804,2.0638094925,0.4908228324999999,-8.287501848500002
194162.0,-0.8940722805,2.138438099,7.7515684259999995,0.22484902220517747,0.23946964534913398,0.09037838465602237,8.090679564101727,0.3406920108298642,0.18789541399999987,-0.033538742999999815,-0.16043679399999977
194172.0,-1.0796140984999998,2.2269921485,7.934756647999999,0.2640194466076862,0.2855672815528082,0.11063118529616457,8.311764174598602,0.40434415989417233,-0.1855418179999998,0.0885540494999999,0.18318822199999918
194182.0,-1.4638386455,2.2856359155,7.928774591499999,0.3378294206745264,0.2591883752381659,0.16099091553320896,8.380478604536783,0.4552201733404477,-0.3842245470000003,0.05864376699999996,-0.005982056499999722
194192.0,-1.7476430965,2.182764157,7.885625331499999,0.42336451665626457,0.189907530580251,0.21535094041582434,8.366707992192778,0.5115451218344883,-0.28380445099999996,-0.10287175850000008,-0.043149259999999856
194202.0,-2.2132628385,1.9696656524999998,7.868855959999999,0.5120953104984043,0.1768507224460814,0.21321814806988726,8.408151360088068,0.5822196868283572,-0.4656197419999999,-0.2130985045,-0.016769371499999686
194212.0,-2.473040997,1.7134178879999997,7.956233211499999,0.6058910498298316,0.26504919086636286,0.19456581435382386,8.506078976093317,0.6893554191837298,-0.2597781585000001,-0.2562477645000001,0.08737725149999953
194222.0,-2.9901456515,1.7589207439999999,8.132262578999999,0.7026171969753572,0.4265270532608782,0.16605411569324452,8.841293336082769,0.8385524563124129,-0.5171046544999998,0.04550285600000015,0.17602936749999998
194232.0,-3.6198306479999998,1.708710696,8.5224691825,0.8020067165594263,0.6412950537065364,0.11409391853212131,9.415696847790242,1.0331948226549124,-0.6296849965,-0.05021004799999984,0.39020660350000114
194242.0,-4.212446507499999,1.5925018935,9.0169204755,0.8798152399425856,0.8648577682529942,0.03229033649114709,10.07896932830144,1.2341379507873058,-0.5926158594999995,-0.1162088025000001,0.4944512929999991
194252.0,-4.7547542525,1.445304077,9.6070846725,0.9474956176764217,1.0377919718576003,-0.1060043174491276,10.816314889149819,1.409254071374628,-0.5423077450000005,-0.14719781649999986,0.590164197
194262.0,-5.17006588,1.3004598565,10.398383261,1.0402249608348804,1.14251172697726,-0.2885308506226946,11.68533916857158,1.5718304829674048,-0.4153116275000004,-0.1448442205,0.7912985885000001
194272.0,-5.4945679284999995,1.3483163084999998,11.320110294500001,1.1577344887131544,1.1659602254778039,-0.49717100006460074,12.6551622142236,1.7166803421305306,-0.3245020484999994,0.04785645199999977,0.9217270335000016
194282.0,-5.6453942055,1.6667382339999999,12.320878926999999,1.2387387099567155,1.1209272401178463,-0.7252628440199836,13.654762891019494,1.8212516745632368,-0.15082627700000018,0.31842192550000004,1.000768632499998
194292.0,-5.5891040345,1.9828065635,13.4593329255,1.2248825410251325,1.0380572619039035,-0.9565521311650201,14.707931485296335,1.8689280611987067,0.05629017099999967,0.3160683295000002,1.138453998500001
194302.0,-5.4298440385,2.219833294,14.534337898499999,1.0825928284270427,0.8936347569598767,-1.1476045977345795,15.673475820103153,1.8131703239767487,0.1592599960000003,0.23702673049999978,1.0750049729999986
194312.0,-5.267053648499999,2.4676473395,15.282487227,0.8475720273412423,0.6873926899102107,-1.2797714006711023,16.35192812397782,1.681874516617995,0.1627903900000005,0.2478140455000002,0.748149328500002
194322.0,-5.142607259999999,2.623278875,15.6536689295,0.5712515001655001,0.4491761909640087,-1.3621073081339348,16.68428459482215,1.5438341380608682,0.1244463885,0.15563153549999997,0.3711817024999995
194332.0,-4.958242240000001,2.6387733819999997,15.705055775499998,0.34848814641645576,0.1984352093054953,-1.4135351798731994,16.679210652295204,1.4693203276427,0.18436501999999866,0.015494506999999658,0.05138684599999799
194342.0,-4.7798592765,2.5885633339999994,15.489603674999998,0.2251160575807326,-0.04431216437888403,-1.4670940986291496,16.415710062188772,1.484926227637289,0.1783829635000007,-0.050210048000000285,-0.2154521005000003
194352.0,-4.6242277409999994,2.5861116715,15.107732723999998,0.18568034313192075,-0.25268702377448704,-1.539572386476718,16.00984209284785,1.571181420145749,0.15563153550000042,-0.0024516624999995074,-0.3818709509999998
194362.0,-4.509293802999999,2.7237970375,14.704287142999998,0.1827481899885703,-0.3763244026565134,-1.640560627655614,15.619502594098924,1.6930611713676096,0.11493393800000007,0.13768536599999992,-0.4034455809999997
194372.0,-4.19332354,2.79685658,14.3511496765,0.17208946424664087,-0.377657834205037,-1.7825850502074005,15.210584015004601,1.830259458291107,0.31597026299999964,0.07305954250000024,-0.353137466499998
194382.0,-3.8293987585,2.9297366875,14.3750779025,0.12519246724555325,-0.2508212668041051,-1.9488573320571443,15.16214089806016,1.9689157834831676,0.36392478149999974,0.13288010750000012,0.023928225999998887
194392.0,-3.319354892,3.074580908,14.537966359,0.03699399882527181,-0.11865620919683449,-2.0842215781833207,15.225755498966157,2.087924193761598,0.5100438665000002,0.1448442205,0.16288845650000106
194402.0,-3.062028396,3.7006374439999994,14.7545952575,-0.09943489814462093,-0.049642399914474715,-2.196135580479701,15.51672699387621,2.1989459190001046,0.2573264959999997,0.6260565359999992,0.21662889849999978
194412.0,-2.762729438,4.0011132,14.9760294145,-0.27503421951702245,-0.05656961171564021,-2.2742093939091634,15.74557200646503,2.291478193267324,0.29929895800000006,0.3004757560000004,0.22143415699999913
194422.0,-2.3401608895,4.1339933075,15.034771248,-0.4556949957202075,-0.10639876186007831,-2.2838017234781245,15.767390403452554,2.331250509450121,0.42256854850000014,0.13288010750000012,0.05874183350000095
194432.0,-2.068418618,4.3291456424999994,14.885121769,-0.5777353983366589,-0.20045979123780872,-2.2667481113568875,15.639268130293804,2.347788175865604,0.27174227149999997,0.1951523349999995,-0.1496494790000007
194442.0,-1.8373739439999999,4.5637207105,14.6037689805,-0.6398219958178533,-0.29478785599109425,-2.2246472791402803,15.410177097274085,2.333522569626962,0.23104467400000006,0.23457506800000072,-0.28135278849999956
194452.0,-1.6482036654999999,4.7576962475,14.285347055,-0.6835215496292872,-0.3267622878876304,-2.1633600424564996,15.146728669525984,2.2921827970060695,0.1891702785,0.19397553700000003,-0.31842192549999915
194462.0,-1.522580479,4.830657723499999,14.059107639499999,-0.7432083193889895,-0.2774672084943025,-2.104205598118656,14.943627838503248,2.2487836394265495,0.12562318649999993,0.0729614759999988,-0.22623941550000204
194472.0,-1.4962005905,4.8271273295,13.937014847,-0.809824046279109,-0.1932655440610881,-2.08128942503997,14.824984226221517,2.2416360603889975,0.02637988849999995,-0.003530393999999326,-0.12209279249999838
194482.0,-1.4985541864999998,4.7625015059999996,13.875919417499999,-0.8687132005706496,-0.14263703311923656,-2.0946132685496948,14.746803888486564,2.2720943406573584,-0.002353595999999847,-0.06462582350000012,-0.061095429500001686
194492.0,-1.3609668869999998,4.683459907,13.868760563,-0.9185406053858358,-0.14716790785741388,-2.1273888065728963,14.701345078658992,2.3218868127403107,0.13758729950000004,-0.07904159899999996,-0.007158854499998313
194502.0,-1.1754250689999999,4.7492625285,14.005171064499999,-0.9510491080334822,-0.2103191561823247,-2.143108987145609,14.835158752212795,2.354069812926712,0.18554181799999991,0.06580262150000049,0.13641050149999856
194512.0,-0.8736744485,4.8714533875,14.156095407999999,-0.9939493010475028,-0.36060422208380044,-2.1153966492824434,14.99631295848902,2.3649257074658543,0.3017506204999999,0.12219085899999982,0.15092434349999984
194522.0,-0.5145549255,4.8834175005,14.188359286499999,-1.0669599143169295,-0.5588526811593323,-2.0431853968104297,15.01406249148966,2.371777043429158,0.35911952299999994,0.011964113000000332,0.03226387850000023
194532.0,-0.10875574849999999,4.970794752,13.9884997595,-1.1772751950184832,-0.7123351902504617,-1.9501907636056681,14.845832876631546,2.386763985510052,0.40579917700000007,0.08737725149999953,-0.1998595269999992
194542.0,0.24075325749999998,5.0030586305,13.562302750499999,-1.3240975276840021,-0.744841947568856,-1.858793106666481,14.457683551919278,2.400653161759916,0.34950900599999996,0.03226387850000023,-0.4261970090000009
194552.0,0.543680676,5.083277027499999,13.164839226,-1.5066240608575692,-0.639589867027338,-1.7708616736217546,14.122616112540669,2.4114191518401444,0.30292741850000005,0.08021839699999944,-0.3974635244999991
194562.0,0.7555043159999999,5.157513368,12.8583814135,-1.7117997317342666,-0.4482703650822236,-1.6818620990748079,13.87475057388909,2.4412834251845434,0.21182363999999987,0.07423634050000061,-0.3064578124999997
194572.0,0.8764203105,5.074941374999999,12.743447475499998,-1.8844668999633174,-0.2622793533434479,-1.5846036265074237,13.744766134102504,2.476080493317633,0.12091599450000012,-0.08257199300000106,-0.11493393800000185
194582.0,0.8968181425,4.92882229,12.731483362499999,-1.9854568864714655,-0.17114873177981596,-1.4670940986291496,13.681675356356482,2.4746102785407,0.020397832000000005,-0.1461190849999987,-0.011964112999999443
194592.0,0.8860308275,4.775642417,12.642929313,-2.0192970753383834,-0.20392426980301745,-1.345053696012698,13.54383522994298,2.4348131820413372,-0.010787315000000075,-0.15317987300000002,-0.08855404949999901
194602.0,0.8991717384999999,4.5901005989999994,12.459741091,-1.9993130554030483,-0.31876867991349633,-1.2224809679743884,13.30874454556143,2.3650213279923,0.013140910999999922,-0.1855418180000008,-0.18318822200000007
194612.0,0.9350640775,4.405735579,12.196432538499998,-1.9476181482882282,-0.4535988552885623,-1.091115271164531,13.001454437380417,2.278047608815323,0.035892339000000106,-0.18436501999999955,-0.2633085525000016
194622.0,0.9878238545,4.230981076,11.894681918,-1.8823358529466325,-0.5735082108883287,-0.9642787037635991,12.663350850520786,2.191331410302117,0.05275977700000001,-0.17475450299999995,-0.30175062049999823
194632.0,1.067944185,4.072897878,11.534385597,-1.8186505338706112,-0.6771615698350198,-0.84703621126088,12.278886472607086,2.1174295499960496,0.0801203305,-0.15808319799999992,-0.36029632099999986
194642.0,1.1433573234999999,3.9700261195,11.244697156,-1.7445752697574681,-0.7786838817650261,-0.7244634832225703,11.979632193388401,2.0432177559166256,0.07541313849999987,-0.10287175850000008,-0.28968844099999913
194652.0,1.229557777,3.8898077224999996,10.9849189975,-1.6683654679691355,-0.8666153148097524,-0.5952288334293981,11.717971745427542,1.9719946254288832,0.08620045350000005,-0.08021839700000033,-0.2597781585000014
194662.0,1.276237431,3.883825666,10.7885898645,-1.6089457335849886,-0.9271031906961199,-0.46386313661954093,11.537181416990805,1.9139999240686458,0.04667965400000007,-0.005982056499999722,-0.196329132999999
194672.0,1.3492969734999998,3.7257424679999995,10.561173650999999,-1.5876282821011298,-0.976932340840558,-0.32690016889853796,11.28007748852514,1.8925707598749086,0.0730595424999998,-0.15808319800000037,-0.22741621350000152
194682.0,1.4451079439999999,3.494697794,10.318164864,-1.578035952532169,-1.0161010199138147,-0.200065346826858,10.989348288314668,1.887507587575466,0.09581097050000009,-0.23104467399999962,-0.24300878699999906
194692.0,1.4403026854999998,3.3019971215,10.105066359499999,-1.5604482696598223,-1.0459461501229177,-0.08069006197820183,10.7280018151635,1.8802959972683375,-0.00480525850000002,-0.1927006725,-0.21309850450000134
194702.0,1.357632626,3.2002040945,9.787821231999999,-1.540197214348932,-1.0771212212220405,0.02935992867704861,10.386814577300598,1.8796966749204487,-0.08267005949999984,-0.10179302699999981,-0.31724512749999967
194712.0,1.2978120610000001,3.1320478769999998,9.3328907385,-1.5354010495644514,-1.113893563232309,0.1218222364599522,9.929596647713156,1.9008040168597324,-0.05982056499999988,-0.06815621750000034,-0.45493049349999914
194722.0,1.3816589184999999,2.924931429,8.896004480999999,-1.5484578576986212,-1.1130942024348955,0.1940334889319656,9.46589145075067,1.9168592633237034,0.08384685749999976,-0.20711644799999984,-0.4368862575000012
194732.0,1.537290454,2.692709957,8.433915133,-1.5785682779540273,-1.0123712513023029,0.24839176848532898,8.985815117346498,1.8916849180763173,0.1556315355000002,-0.23222147199999998,-0.46208934799999923
194742.0,1.6534011899999999,2.4831418464999997,8.1382446355,-1.633725918304804,-0.8218511101546019,0.2883615536852511,8.667799874949662,1.8513919112513695,0.11611073599999977,-0.20956811050000024,-0.29567049749999974
194752.0,1.6856650684999999,2.3072105455,7.9634901325,-1.7030067629627192,-0.6102788075693453,0.31953662478437383,8.460606498050383,1.8370563171126821,0.03226387850000001,-0.17593130099999987,-0.17475450299999995
194762.0,1.641437077,2.2485667785,7.882094937499999,-1.7786824939999413,-0.45279949449114887,0.355509605997229,8.35929356099469,1.8695255752809579,-0.0442279914999999,-0.05864376699999996,-0.0813951950000007
194772.0,1.5803416474999998,2.1216687275,7.7922660235,-1.8423660677467102,-0.36833079468237934,0.40267363837387177,8.229117066433494,1.921490661163119,-0.06109542950000013,-0.12689805099999996,-0.08982891399999904
194782.0,1.5516081629999998,1.9720192484999999,7.5971136884999995,-1.869546080188018,-0.3675314338849659,0.46049639649244384,8.00078022469914,1.9601884684954272,-0.028733484500000017,-0.14964947900000003,-0.1951523350000004
194792.0,1.5803416474999998,1.849926456,7.278691762999999,-1.8506267110963994,-0.41203034849381337,0.5225812486443862,7.674572391748987,1.9666416535144715,0.028733484500000017,-0.12209279249999994,-0.31842192550000004
194802.0,1.537290454,1.6535973229999998,6.974685612999999,-1.792004592180414,-0.46958781656608234,0.5899963363319191,7.331022128378925,1.9441936253233831,-0.04305119349999975,-0.1963291330000001,-0.3040061500000002
194812.0,1.4486383379999999,1.5278760699999998,6.641847911999999,-1.7016733314141954,-0.5220803391490638,0.6640733457743144,6.967575044858921,1.89980352035156,-0.08865211600000023,-0.12572125300000003,-0.3328377009999999
194822.0,1.320563489,1.374696197,6.3102850754999995,-1.5972206116700907,-0.5588526811593323,0.7336194804785324,6.5919174218586924,1.8443501684117214,-0.12807484899999988,-0.1531798729999998,-0.33156283649999985
194832.0,1.264273318,1.0047893589999999,6.0708066825,-1.4895704487363326,-0.5876296698662149,0.7834486306229707,6.281933018972187,1.7826722939117678,-0.05629017099999989,-0.3699068380000001,-0.23947839299999973
194842.0,1.2582912615,0.6599875449999999,5.8912469210000005,-1.3829849366462907,-0.6036168858144828,0.8114262585324398,6.060170850934351,1.7133047752419512,-0.005982056500000166,-0.344801814,-0.1795597614999993
194852.0,1.248778811,0.40383784699999997,5.753561554999999,-1.2833283816866667,-0.621736894108688,0.8186205057091603,5.901356123184414,1.6442712772246428,-0.009512450499999936,-0.2561496979999999,-0.13768536600000125
194862.0,1.2942816669999997,0.268506077,5.659025449,-1.1876686307141093,-0.6483828357988854,0.821817948898814,5.811353506658141,1.5831430192099467,0.0455028559999997,-0.13533176999999996,-0.09453610599999962
194872.0,1.3325276019999999,0.217119231,5.602735278,-1.1000024877156862,-0.6808913384465318,0.8447341219774995,5.763107943280921,1.5450547642673722,0.038245935000000175,-0.051386846000000014,-0.05629017099999967
194882.0,1.364889547,0.1536702055,5.501040317499999,-1.0208622781132553,-0.7291217669961431,0.8985600761090046,5.669919098393625,1.5431100260056583,0.032361945000000114,-0.0634490255,-0.1016949605000006
194892.0,1.4163744594999998,0.07825706699999999,5.3549212325,-0.9433225354349032,-0.7792162071868844,0.9705042932054629,5.5396229279923626,1.561702240035623,0.05148491249999987,-0.0754131385,-0.1461190849999996
194902.0,1.392348167,0.0075511204999999994,5.16222056,-0.8585868002505784,-0.8178543061675349,1.0496445028078938,5.346700996657264,1.583606814192253,-0.02402629249999988,-0.07070594649999999,-0.1927006725
194912.0,1.3385096585,-0.06187996149999999,4.9455916615,-0.7751844966147775,-0.8423674555117951,1.1311810494733128,5.1238963804736875,1.6093677331750091,-0.05383850849999994,-0.06943108199999999,-0.21662889849999978
194922.0,1.2343630355,-0.1420983585,4.7755443505,-0.6973777185608703,-0.8474306556718307,1.2116529452950155,4.934538265176351,1.634801901870572,-0.1041466230000001,-0.080218397,-0.17004731100000026
194932.0,1.156596301,-0.1791674955,4.5900025325,-0.6155723911906441,-0.8492964126422127,1.2814661153747886,4.736870194895258,1.6560160537195434,-0.07776673449999993,-0.037069137,-0.18554181799999991
194942.0,1.0488212175,-0.3060655465,4.493014764,-0.5244435149562642,-0.8514274596588978,1.3443520736533963,4.623946770298562,1.675485666121042,-0.10777508349999998,-0.126898051,-0.09698776850000002
194952.0,0.9531083134999999,-0.41619422599999994,4.420053288,-0.43251353259521874,-0.8402364084951102,1.4037735533667952,4.540760306355993,1.6922308847113021,-0.0957129040000001,-0.11012867949999994,-0.07296147599999969
194962.0,0.8632793994999999,-0.41384063,4.2787394615,-0.36349972331285907,-0.823982157171287,1.4559990405742216,4.3845326738476,1.7120198159887714,-0.08982891400000004,0.002353595999999958,-0.14131382650000024
194972.0,0.8094408909999999,-0.41384063,4.0740746759999995,-0.3240622635347951,-0.7917406898991957,1.4909056256141082,4.174271563840351,1.7189151390272714,-0.05383850849999994,0.0,-0.20466478550000033
194982.0,0.754327518,-0.3635325155,3.8657814299999997,-0.2934195178575307,-0.7443096221469978,1.512755402519825,3.9554306919437536,1.7112921243707255,-0.055113372999999966,0.0503081145,-0.20829324599999977
194992.0,0.6968605489999999,-0.298906692,3.694557321,-0.25025228946795497,-0.6848881424335989,1.5556555955338456,3.7715664694433877,1.7180693548125066,-0.057466969000000034,0.06462582350000001,-0.17122410899999974
195002.0,0.626252669,-0.29763182749999995,3.6730807574999997,-0.19189720592752452,-0.6190717763408926,1.6025543378641853,3.737953900369477,1.7286569375419683,-0.07060787999999996,0.001274864500000028,-0.021476563500000267
195012.0,0.49572615749999993,-0.2833141185,3.679062814,-0.12315043202071989,-0.5420643590843989,1.6643721546405728,3.723105491700275,1.7547462686780024,-0.13052651150000005,0.014317708999999956,0.005982056500000166
195022.0,0.35813885799999995,-0.3658861115,3.716131951,-0.060264473742112204,-0.45972845162156634,1.7323213130792159,3.751236164978313,1.7932984101298577,-0.13758729949999998,-0.08257199300000001,0.03706913700000003
195032.0,0.164163321,-0.4676791385,3.878922341,0.007150613945420769,-0.3800559165972772,1.7946732006067134,3.9104618525257053,1.834487810806149,-0.19397553699999995,-0.10179302699999998,0.16279039000000006
195042.0,-0.124348322,-0.4700327345,4.029748618,0.08548971742118625,-0.3382203744269731,1.846101072345978,4.058973663496559,1.8787737178221453,-0.288511643,-0.0023535960000000133,0.15082627700000018
195052.0,-0.4080547065,-0.5406406145,4.2667753484999995,0.1854133077563656,-0.35820613969156023,1.8834057397781048,4.320205179399588,1.9261118643098059,-0.28370638449999996,-0.07060788000000001,0.23702673049999934
195062.0,-0.7108840584999999,-0.6495924959999999,4.429565738499999,0.3223745301481166,-0.4325484391802587,1.919111685615405,4.533032008179734,1.9934927017150321,-0.30282935199999994,-0.1089518814999999,0.16279038999999962
195072.0,-1.003024162,-0.715493184,4.5637207105,0.4782551216314862,-0.5228796999464772,1.9454905919300474,4.727106375929453,2.0705228289664404,-0.2921401035000001,-0.06590068800000004,0.13415497200000104
195082.0,-1.176601867,-0.8196398069999999,4.7527929225,0.616816810947316,-0.5809677481113524,1.953218909857878,4.96439743884522,2.1290961961450194,-0.17357770500000003,-0.104146623,0.18907221200000013
195092.0,-1.3130123685,-0.8723015175,4.9012656035,0.7178050521262119,-0.595890313215904,1.9556169922501183,5.148525607717126,2.1667411425040743,-0.1364105014999999,-0.052661710500000014,0.14847268099999944
195102.0,-1.441185284,-0.8746551135,5.082002162999999,0.7785582180588825,-0.5713754185423917,1.9564163530475316,5.354323727150473,2.181785441855665,-0.12817291549999998,-0.002353596000000069,0.18073655949999967
195112.0,-1.5596496159999997,-0.9118223169999998,5.198112899,0.7926814223660206,-0.5175494644108866,1.9558822822964215,5.50311771391621,2.1729419660168725,-0.11846433199999984,-0.0371672034999998,0.11611073600000044
195122.0,-1.7523502884999997,-0.927316824,5.3010827240000005,0.7780258926370242,-0.43468123152619575,1.9564163530475316,5.659693107613764,2.1498458105470197,-0.1927006725,-0.015494507000000213,0.10296982500000063
195132.0,-1.976236108,-0.904565396,5.4590678555,0.7585741981235474,-0.3382203744269731,1.9460246626811575,5.875812246928674,2.1158543956283045,-0.2238858195000002,0.022751428000000073,0.15798513149999938
195142.0,-2.2479783794999997,-0.9512450499999999,5.7583668134999995,0.7420529114241692,-0.23136957229062832,1.9263059327921257,6.254363460710217,2.0772166350780976,-0.27174227149999974,-0.04667965399999996,0.2992989579999996
195152.0,-2.5855232724999997,-1.1021693934999999,6.1714229115,0.7489818685545866,-0.16875064938757572,1.9177782540668813,6.781310250769714,2.065750239710518,-0.337544893,-0.15092434349999995,0.4130560980000002
195162.0,-2.900414804,-1.2673133795,6.5903629995,0.7878852575815402,-0.19273321863922982,1.9116504030631292,7.311044638237459,2.0766117923706373,-0.31489153150000027,-0.16514398600000013,0.41894008800000027
195172.0,-3.2296240445,-1.389406172,6.984198063499999,0.848905458889766,-0.30278146396522826,1.8903329515792704,7.819203512494183,2.094200506369953,-0.3292092405,-0.12209279249999994,0.39383506399999924
195182.0,-3.476261292,-1.5114989644999999,7.2188711979999995,0.9259128761462597,-0.48690671873362207,1.849563805581935,8.153595713748384,2.1249186050011684,-0.24663724749999982,-0.12209279249999994,0.23467313450000038
195192.0,-3.5349050589999997,-1.6443790719999998,7.2404458279999995,1.0039866895757221,-0.6944822173318117,1.789877035822233,8.22335649821762,2.1665536287844596,-0.05864376699999996,-0.1328801074999999,0.021574629999999928
195202.0,-3.500189518,-1.655166387,7.023718862999999,1.0423560078515655,-0.8293106473776256,1.7118032223927704,8.020195078489905,2.1689934230311585,0.03471554099999974,-0.010787315000000186,-0.21672696500000033
195212.0,-3.4415457509999996,-1.6516359929999997,6.701668476999999,1.045553451041219,-0.8354402437106296,1.6268021971621427,7.7126194632702285,2.1065677792292976,0.0586437670000004,0.0035303940000002143,-0.3220503859999999
195222.0,-3.4498814034999996,-1.5114989644999999,6.481411118,1.039692635413022,-0.6963462289729416,1.5396683795855777,7.496332496523464,1.9840457569906471,-0.008335652500000013,0.14013702849999987,-0.22025735899999965
195232.0,-3.5349050589999997,-1.297223662,6.410803238,1.0085158189846475,-0.43068268220987677,1.470654570303218,7.434832961253922,1.8345071804306219,-0.08502365550000013,0.21427530249999993,-0.07060787999999985
195242.0,-3.7144648205,-1.3247803484999998,6.710102195999999,0.9405684058752561,-0.10719812265749172,1.3869852312918618,7.78317180558594,1.6792523322758108,-0.1795597615000002,-0.027556686499999872,0.2992989579999996
195252.0,-3.8915729194999997,-1.492375997,7.306248449499999,0.860895870850967,0.14594094139326186,1.3182384573850572,8.411467904594812,1.5811998891196304,-0.1771080989999998,-0.16759564850000008,0.5961462534999997
195262.0,-4.230392676999999,-1.6719357584999999,7.8030533385,0.7926814223660206,0.25012837109106334,1.2228439964588032,9.032122274728248,1.4785991610521845,-0.3388197574999996,-0.17955976149999997,0.49680488900000075
195272.0,-4.2459852504999995,-1.9616241995,8.099900633999999,0.749781229352,0.16619199670415205,1.1117293549598362,9.353328312862814,1.3511971841061994,-0.015592573500000206,-0.28968844100000024,0.2968472954999992
195282.0,-4.0508329155,-1.9855524254999999,8.216011369999999,0.722068891488834,-0.05870240406157728,1.016336639362834,9.373073592780354,1.248106414056855,0.1951523349999995,-0.023928225999999775,0.11611073599999955
195292.0,-3.8952013799999996,-1.9137677475,8.0244874955,0.7441857037701062,-0.30997571114194894,0.9321349749296196,9.122910738769782,1.2323850513053165,0.15563153550000042,0.07178467799999999,-0.19152387449999786
195302.0,-3.7970368134999997,-1.8024622699999997,7.6510502635,0.8411771409619351,-0.48450863634138186,0.8844368718018666,8.72954345498384,1.3132235839220037,0.09816456649999994,0.1113054775000002,-0.37343723200000056
195312.0,-3.8928477839999998,-1.5654355395,7.395979296999999,0.9866660420789304,-0.5457958730251627,0.8569915693142557,8.503255968120445,1.4162759489162808,-0.09581097050000009,0.23702673049999978,-0.25507096650000083
195322.0,-4.0531865115,-1.354690631,7.388820442499999,1.1241613352217916,-0.5023616092600319,0.8306126629996134,8.53570003773742,1.485268760191663,-0.1603387275000001,0.21074490849999994,-0.007158854500000089
195332.0,-4.17174891,-1.3247803484999998,7.6055474075,1.2368746983155854,-0.4114980230719551,0.7879777600318959,8.77512867755157,1.5231869854454119,-0.11856239849999994,0.029910282500000163,0.21672696500000033
195342.0,-4.2172517659999995,-1.3355676635,7.940738704499999,1.3016246682353232,-0.3488791001689025,0.7051077818179532,9.089790130402422,1.5208946010403261,-0.0455028559999997,-0.010787315000000186,0.3351912969999997
195352.0,-4.117812335,-1.4061755434999998,8.2208166285,1.3189453157321147,-0.34008613139735505,0.5633503946417217,9.301372701103734,1.4739874456057929,0.09943943099999952,-0.07060787999999985,0.2800779240000004
195362.0,-3.8030188699999994,-1.4217681169999998,8.3704661075,1.3293370060984893,-0.38698312839844273,0.3768270574810877,9.303175799741721,1.434883775327394,0.3147934650000006,-0.015592573499999984,0.1496494790000007
195372.0,-3.500189518,-1.1056997874999999,8.3728197035,1.3597127164001983,-0.4839763109195236,0.18497348478486303,9.142100878316342,1.4550831353380236,0.3028293519999994,0.31606832949999997,0.0023535959999989586
195382.0,-3.026136057,-0.7442266685,8.255532169499999,1.4375194944541057,-0.5785696657191123,0.03202330111559196,8.824125122142787,1.549913109448479,0.474053461,0.3614731189999999,-0.1172875340000008
195392.0,-2.5245259095,-0.40423011299999995,8.201693660999998,1.5433056457467338,-0.5969567093888725,-0.0569745281021029,8.590949421389952,1.6557160764849121,0.5016101475000001,0.3399965555,-0.05383850850000016
195402.0,-2.123531991,-0.19476006899999998,8.4051816485,1.6600158128275948,-0.5020963192137288,-0.07642622261557969,8.671470356609568,1.7359706737468006,0.40099391849999977,0.20947004399999997,0.20348798750000086
195412.0,-2.0385083355,-0.006766588499999999,8.9163042465,1.7687341172635733,-0.34754741394963085,-0.031394982584874,9.146367772879945,1.8028297832703821,0.08502365550000013,0.18799348049999998,0.511122598
195422.0,-2.148637015,0.16798791449999997,9.571192333499999,1.8204272790491416,-0.23509934090214019,0.0432160976086316,9.810840109108666,1.8360541412200788,-0.11012867949999983,0.17475450299999998,0.6548880869999998
195432.0,-2.3389840915,0.2134907705,10.188815150499998,1.8478725815367523,-0.19699531267259998,0.10130414577350687,10.456021186877782,1.861102565889687,-0.19034707650000016,0.045502856000000036,0.6176228169999991
195442.0,-2.5975854519999997,0.263798885,10.6246226765,1.8268221654284489,-0.2220425327679706,0.11222990689099137,10.940733387217115,1.8436858903998434,-0.2586013604999997,0.05030811449999997,0.4358075260000014
195452.0,-2.7711631569999997,0.31283213499999996,10.805359236,1.801774945333078,-0.2716046475368536,0.0541401133968641,11.159435353386538,1.8229353225148335,-0.17357770500000003,0.04903324999999997,0.18073655949999967
195462.0,-2.8369657784999998,0.46483520999999994,10.811341292499998,1.7420864302441241,-0.2742697653046489,-0.06390173990326839,11.187025839951893,1.7647018068114646,-0.06580262150000005,0.152003075,0.0059820564999988335
195472.0,-2.7806756075,0.6516518924999999,10.7658384365,1.6624156405490869,-0.18580426150881232,-0.2163195981506812,11.138226262020586,1.68669592816285,0.05629017099999967,0.18681668249999994,-0.045502855999998815
195482.0,-2.6729985904999998,0.7916908544999999,10.880772374499998,1.581409673976274,-0.023795819021690687,-0.36793635027142857,11.23222610792697,1.6238226368048077,0.10767701700000032,0.140038962,0.11493393799999829
195492.0,-2.609549565,0.9868431894999999,11.145355791499998,1.5281177905958792,0.1480737337391989,-0.4854458781497028,11.489236882055168,1.6101948680739342,0.06344902549999976,0.19515233500000007,0.26458341700000076
195502.0,-2.5700287655,1.2753548325,11.436221030499999,1.487880970020402,0.283169199160568,-0.5579241659972713,11.790620393462296,1.6140799085875026,0.03952079949999998,0.288511643,0.2908652390000004
195512.0,-2.6082747004999995,1.5087531024999998,11.743855641,1.4471135693523185,0.3537817300377546,-0.5933630764590162,12.124255777334099,1.6035519747164488,-0.03824593499999951,0.2333982699999999,0.30763461050000096
195522.0,-2.6418134435,1.667915032,11.9546005495,1.4257961178684597,0.3428577142495221,-0.6018907551842605,12.356115616257991,1.5851556589576485,-0.03353874300000026,0.1591619295000002,0.2107449085000006
195532.0,-2.5819928785,1.790105891,12.0934627135,1.434056761218149,0.2826368737387097,-0.602955406027977,12.494919236571015,1.5811254278047144,0.05982056499999988,0.12219085900000004,0.13886216399999896
195542.0,-2.4443075125,1.859536973,12.190450482,1.4492446163690036,0.24879668487179168,-0.6058875591713274,12.57138019167792,1.5903802950352228,0.13768536599999992,0.06943108199999992,0.09698776850000002
195552.0,-2.3928225999999997,1.9851601595,12.239483732,1.4281942002606998,0.28423559533353654,-0.6042888375765006,12.62819951061233,1.5766082412991718,0.05148491250000031,0.12562318649999993,0.049033250000000805
195562.0,-2.4574484235,2.1467737514999996,12.238306933999999,1.3495880614093791,0.388423025031338,-0.6008243590112919,12.665853579805999,1.5274980498365787,-0.06462582350000012,0.1616135919999997,-0.0011767980000012557
195572.0,-2.7124213234999996,2.1671715834999996,12.302932757499999,1.232078533531105,0.5363082632113216,-0.5925637156616028,12.783427417718377,1.4685965487824038,-0.25497289999999984,0.020397832000000005,0.06462582350000012
195582.0,-3.0476126205,2.0402735325,12.5220133185,1.1220285428758545,0.6687403561941474,-0.589100982425646,13.048044923311014,1.432899746153111,-0.33519129700000017,-0.1268980509999995,0.21908056100000195
195592.0,-3.3121960374999997,1.8331570845,12.700396282,1.0319643174851914,0.7508109736106767,-0.614680527942875,13.25259118841001,1.416509661841041,-0.2645834169999999,-0.20711644800000006,0.17838296349999894
195602.0,-3.5432407115,1.5530791605,12.821312276499999,0.9506930608660753,0.7705297034997086,-0.6815632902085497,13.392261127604256,1.4007361773418148,-0.2310446740000005,-0.280077924,0.1209159944999989
195612.0,-3.7754621834999997,1.4285347055,12.948210327499998,0.9035290284894325,0.7329580006920267,-0.7785547274003786,13.562852826342773,1.3999069967890683,-0.23222147199999954,-0.12454445500000011,0.1268980509999995
195622.0,-3.9646324619999995,1.3890139059999997,13.094231345999999,0.9253788053951495,0.6210439983956463,-0.9011274554386883,13.751602260550387,1.4331965225897008,-0.1891702784999998,-0.0395207995000002,0.14602101850000082
195632.0,-3.9382525735,1.4704091009999998,13.200731565,1.0090481444065056,0.44704339861807163,-1.0460840311338253,13.853925440400289,1.5206307106498285,0.026379888499999726,0.08139519500000003,0.10650021900000084
195642.0,-3.7634980705,1.7158695504999997,13.255844938,1.099112369797169,0.29755769351400924,-1.1886407791074702,13.886164015353215,1.6460423701010067,0.17475450299999995,0.2454604494999999,0.0551133729999993
195652.0,-3.501366316,2.021150565,13.301347794,1.138549829575233,0.22907795498275974,-1.299488385230882,13.902174967326799,1.7428260060128895,0.2621317544999999,0.30528101450000045,0.04550285600000059
195662.0,-3.210501077,2.2940696345,13.3192939635,1.1036432445353463,0.23733859833244889,-1.3762305124410728,13.891496115950961,1.7799911361691483,0.29086523899999994,0.2729190694999999,0.017946169500000053
195672.0,-2.8812918365,2.4700009355,13.358814763,1.0034526188246118,0.2823698383631546,-1.4313881527918495,13.887428816760831,1.7707405026700183,0.3292092405,0.17593130099999987,0.03952079949999998
195682.0,-2.5221723134999996,2.52030905,13.422263788499999,0.8699558749980696,0.3204738665926948,-1.4654953770343229,13.887781539705188,1.7341290101147324,0.3591195230000004,0.050308114499999945,0.06344902549999887
195692.0,-2.1606011279999997,2.544237276,13.405494417,0.7380561074371021,0.3290015453179391,-1.4766864281981105,13.814797179659243,1.683321609726226,0.3615711854999999,0.02392822600000022,-0.016769371499998798
195702.0,-1.9367153085,2.672312125,13.320470761499998,0.652521011455364,0.30528601144184014,-1.4732219496329018,13.723230654170926,1.639928697246611,0.22388581949999975,0.12807484899999988,-0.08502365550000235
195712.0,-1.7295988605,2.8267668625,13.2498628815,0.6501229290631237,0.25785494368964224,-1.4657606670806258,13.658000933215757,1.624069988651796,0.20711644800000006,0.15445473750000005,-0.07060787999999718
195722.0,-1.4913953319999997,2.972787881,13.321647559499999,0.7042159185701841,0.2232153940253108,-1.4596328160768737,13.730550663438963,1.6359318842378576,0.23820352850000015,0.14602101849999993,0.07178467799999844
195732.0,-1.28074849,3.212266274,13.486889612,0.7511129155712717,0.21921859003824376,-1.4548366512923931,13.92318795089647,1.651901051546368,0.21064684199999983,0.23947839300000018,0.1652420525000018
195742.0,-1.0568626705,3.5199008845,13.620946517499998,0.7423199467997242,0.23867028455172057,-1.4468430433182593,14.108041854686837,1.6435806034822835,0.22388581949999997,0.30763461050000007,0.13405690549999782
195752.0,-0.762368971,3.7772273805,13.6999881165,0.6581182823665098,0.2847679207553948,-1.4233945448177157,14.23159609896879,1.5938207152917885,0.29449369949999993,0.2573264959999997,0.07904159900000174
195762.0,-0.5025908124999999,3.9233464654999994,13.8315933595,0.5184919422069635,0.3279351491449706,-1.3655717866991435,14.386042536977472,1.4970509880451548,0.2597781585000001,0.1461190849999996,0.1316052429999992
195772.0,-0.25722842949999997,3.943646231,13.843655538999998,0.3610126291287671,0.33672811791651797,-1.283768204658169,14.39671180314133,1.375418753353801,0.24536238299999996,0.020299765500000344,0.012062179499999104
195782.0,-0.065704555,3.9400177705,13.85679645,0.2251160575807326,0.29915641510883606,-1.1931699085163956,14.406209250775726,1.2505303797471239,0.19152387449999997,-0.003628460499999875,0.013140911000000699
195792.0,0.0779628675,3.943646231,13.801683077,0.12306142022886819,0.2040307348873891,-1.1076365578639094,14.354263462885774,1.1329745796989639,0.1436674225,0.003628460499999875,-0.0551133729999993
195802.0,0.31018433949999996,3.9783617719999995,13.557497491999998,0.05138249317871306,0.08518777546059123,-1.033292513045959,14.132562222009435,1.038070582961495,0.23222147199999996,0.03471554099999974,-0.2441855850000021
195812.0,0.42992353599999994,4.0753495404999995,13.185237057999998,-0.009637708129512689,0.004715879638888678,-0.9648127745147094,13.80738151858334,0.9648724344728321,0.11973919649999998,0.09698776850000002,-0.3722604339999993
195822.0,0.557998385,4.1363469035,12.946935462999999,-0.05919982289839567,-0.02246238747316702,-0.8989964084220032,13.603082951553432,0.9012234574387517,0.12807484900000005,0.06099736300000025,-0.23830159499999937
195832.0,0.5879086675,4.107613419,12.869168728499998,-0.09890257272276266,0.006848671984825749,-0.833180042329297,13.521598587588405,0.8390575702149324,0.02991028250000005,-0.028733484500000017,-0.07776673450000082
