timestamp,ax,ay,az,gx,gy,gz,acc_mag,gyro_mag,dax,day,daz
183422.0,-0.205743517,3.5019547149999997,9.244336689,0.14224607936678985,0.2194856254137989,0.3696310649751151,9.887556727538394,0.4528079184965158,0.0,0.0,0.0
183432.0,-0.446398708,3.1667634179999995,9.3544653685,0.08975355678380839,0.1400783804358129,0.37176385732105216,9.886034831142005,0.40729107433270895,-0.240655191,-0.33519129700000017,0.11012867949999894
183442.0,0.045698988999999995,2.808820693,9.267088117,0.08016122721484757,0.07053224573159485,0.37576066130811914,9.683516109929451,0.3906362689552105,0.49209769699999995,-0.3579427249999996,-0.08737725149999953
183452.0,0.1928968055,2.9224797665,9.184516123999998,0.11959694166365945,0.05161287663997631,0.3656342609880481,9.640198835874182,0.38814395563840776,0.1471978165,0.11365907350000004,-0.08257199300000195
183462.0,0.30900754150000004,3.0996859320000003,9.233549373999999,0.1947386019497713,0.08225736764649275,0.3656342609880481,9.744843384058994,0.4223479731569193,0.11611073600000005,0.17720616550000035,0.049033250000000805
183472.0,0.385597478,3.097332336,9.3676062795,0.2885343412811986,0.132351807837234,0.4101349209261475,9.873915151671044,0.5186325486309711,0.07658993649999996,-0.002353596000000291,0.13405690550000138
183482.0,0.38442067999999996,3.1488172485,9.651410730499999,0.3839270568782006,0.18431200499835718,0.4735514592973615,10.159358169317256,0.6368845144862074,-0.0011767980000000344,0.05148491249999987,0.2838044509999982
183492.0,0.395207995,3.2074610155000003,10.060740301500001,0.45853639174245425,0.21522178605117678,0.5223142132688311,10.56704740878409,0.7275906659144865,0.01078731500000002,0.0586437670000004,0.40932957100000245
183502.0,0.4455161095,3.0769345039999996,10.439080858499999,0.5014383300857268,0.18484433042021545,0.5673471986287887,10.892218310152932,0.7794168776460991,0.0503081145,-0.13052651150000072,0.3783405569999978
183512.0,0.5388754175,3.0613419305,10.721610445,0.4985061769423764,0.12089372129789124,0.5998557012764351,11.163114783310094,0.7892721727343488,0.09335930800000003,-0.015592573499999762,0.2825295865000008
183522.0,0.536423755,3.062616795,10.835269518499999,0.4630672664806315,0.05507735520518506,0.6195744311654671,11.272552400254325,0.7754594019652186,-0.0024516625000000625,0.001274864500000028,0.11365907349999915
183532.0,0.5639804414999999,3.0171139389999997,10.832915922499998,0.41776899107437065,0.019638444743440196,0.641424208071184,11.259356901850861,0.7657294647034188,0.027556686499999983,-0.04550285600000015,-0.002353596000000735
183542.0,0.5832014755,2.9668058245,10.952655119,0.39591921416865367,0.012976522988577842,0.6654050319935861,11.362337563946488,0.7743928401652372,0.01922103400000008,-0.0503081144999995,0.1197391965000012
183552.0,0.5280881024999999,2.9632754305,11.235086638999999,0.4031134613453743,0.0052499503899989435,0.702709699425713,11.631296149047333,0.810141312589305,-0.05511337300000008,-0.0035303940000002143,0.2824315199999994
183562.0,0.487390505,2.9141441139999995,11.5021217185,0.41217346549247685,-0.02805791305506084,0.7597330967468716,11.875545858979047,0.8647939583702436,-0.04069759749999996,-0.049131316500000466,0.26703507950000116
183572.0,0.4227646815,2.8315721209999998,11.80132261,0.41350515171174856,-0.06483025506532937,0.8223520196499242,12.143629852628308,0.9227417388881362,-0.06462582349999996,-0.08257199299999973,0.29920089149999995
183582.0,0.3641209145,2.8423594359999997,12.051588318,0.40444514756464595,-0.09414131452332215,0.8705807028702836,12.387589442274418,0.9645461236762524,-0.05864376700000001,0.010787314999999964,0.2502657080000006
183592.0,0.36284605,2.798033378,12.241935394499999,0.38259537065892896,-0.12292004855945664,0.9060213586612804,12.562867118755756,0.9911424006357185,-0.001274864500000028,-0.04432605799999978,0.19034707649999838
183602.0,0.4096237705,2.8051922325,12.383151154499998,0.3503539033868377,-0.15089767646892574,0.9347983473681629,12.703516348233336,1.0096365269860053,0.04677772050000001,0.007158854500000089,0.1412157599999997
183612.0,0.465815875,2.86746446,12.481315721,0.31864476153660476,-0.17754361815912317,0.9638423714506006,12.814935777679374,1.0305572945776813,0.056192104500000006,0.06227222749999983,0.09816456650000127
183622.0,0.5651572395,2.8506950884999998,12.583108747999999,0.29839370622571454,-0.20818810916563962,1.0075436705912866,12.914352130747844,1.0712260923174182,0.09934136449999997,-0.01676937150000013,0.10179302699999937
183632.0,0.650180895,2.84588983,12.659698684499999,0.2738788115522022,-0.2220425327679706,1.0789555622658866,12.991912673007443,1.1351024601857567,0.08502365550000002,-0.004805258499999798,0.07658993649999957
183642.0,0.6334115235,2.8865874275,12.671662797499998,0.2320432693818981,-0.21271723857456487,1.1644889129183726,13.011711462688108,1.2062865044267228,-0.01676937150000002,0.040697597499999905,0.011964112999999443
183652.0,0.556821587,2.923754631,12.7303065645,0.17022545260551095,-0.16395448460309534,1.252689126667906,13.073603047675684,1.274789326048904,-0.07658993650000001,0.037167203500000134,0.05864376700000129
183662.0,0.4563034245,2.9021800009999996,12.853576154999999,0.08149291343411924,-0.07735473777764068,1.3304959047218134,13.185040066143118,1.3352318910504442,-0.10051816249999995,-0.021574630000000372,0.12326959049999964
183672.0,0.3209716545,2.8543235489999996,13.025977061999999,-0.03628364981971011,0.006581636609270617,1.3992426786286178,13.338900409895809,1.3997285075615504,-0.13533177000000002,-0.047856451999999994,0.1724009070000001
183682.0,0.1928968055,2.8410845715,13.081090435,-0.1612544602502601,0.07079928110714998,1.4703875349276627,13.387452994824518,1.480896702010826,-0.128074849,-0.013238977499999471,0.055113373000001076
183692.0,0.09355544099999999,2.8040154345,13.0751083785,-0.2787639881285343,0.12568988608237164,1.524213489059168,13.372722770138317,1.5545848541558123,-0.0993413645,-0.03706913700000003,-0.00598205650000061
183702.0,0.0073549875,2.7393896109999996,12.976943812,-0.36989460969216625,0.1667260674552623,1.5950930553119096,13.26293256548117,1.645886222967037,-0.0862004535,-0.06462582350000057,-0.0981645664999995
183712.0,-0.046483521,2.6975152154999997,12.749429531999999,-0.43251353259521874,0.2024320132925623,1.6782283235721556,13.031757458110256,1.7448486988628795,-0.0538385085,-0.04187439549999983,-0.22751428000000118
183722.0,-0.091986377,2.6375965839999997,12.496908294499999,-0.4663537214621368,0.24319941396064587,1.762697023380925,12.772552374315202,1.8394924693263517,-0.045502855999999994,-0.059918631499999986,-0.2525212374999999
183732.0,-0.215354034,2.4915755655,12.275376071,-0.47807884337703477,0.31700938802748607,1.8463663623922812,12.52753702221774,1.9334226327308754,-0.123367657,-0.14602101849999993,-0.2215322234999988
183742.0,-0.5301474989999999,2.2952464325,12.105426826499999,-0.4719492470440307,0.4331872296864886,1.9121827284849875,12.332500606460385,2.0166383054145265,-0.31479346499999994,-0.19632913299999988,-0.16994924450000148
183752.0,-0.7875720615,1.999575935,12.268217216499998,-0.4556949957202075,0.5850710171827912,1.9582821100179137,12.455028195195442,2.093999724615063,-0.2574245625000001,-0.29567049749999996,0.16279038999999962
183762.0,-1.2316171735,1.7996183415,12.7746326225,-0.4618245920532116,0.717770145541172,2.0049120716434463,12.959426903878295,2.179024632875206,-0.4440451120000001,-0.19995759349999997,0.5064154060000021
183772.0,-1.6566373845,1.2238699199999998,13.296542535499999,-0.5193803147962286,0.7340243968649952,2.0153037620098204,13.455123500108222,2.206806964770998,-0.42502021099999987,-0.5757484215000002,0.5219099129999982
183782.0,-1.7619608054999998,0.6157595535,13.6580156545,-0.6264981523081286,0.6490216263051154,1.9732029297932132,13.784957646884946,2.1696218122985758,-0.1053234209999998,-0.6081103664999998,0.3614731190000011
183792.0,-1.6027988759999998,0.164359454,13.734703657499999,-0.7477391941271667,0.5368423339624319,1.877543178820656,13.828885089781096,2.091048058343985,0.15916192949999997,-0.45140009950000004,0.07668800299999923
183802.0,-1.3430207174999997,-0.0175539035,13.628105372,-0.8572551140313068,0.48621382302058036,1.7808170316751302,13.694132642029489,2.035337690048838,0.2597781585000001,-0.18191335749999998,-0.10659828549999872
183812.0,-1.3465511114999997,0.4983739529999999,13.473748700999998,-0.9108140327872568,0.4963402233406514,1.74271300344559,13.55003618263102,2.0280494155730975,-0.0035303939999999923,0.5159278565,-0.15435667100000217
183822.0,-1.666149835,1.3328218015,13.535922862,-0.90921531119243,0.5656193226693144,1.7936068044337445,13.703053563101857,2.0889286893512353,-0.3195987235000002,0.8344478485,0.062174161000001504
183832.0,-2.3509482045,2.0545912415,13.7478445685,-0.8870984989111579,0.6527531402458793,1.9081859244979205,14.097926546465095,2.2032258012567096,-0.6847983695,0.7217694399999999,0.21192170650000008
183842.0,-3.1003723974999997,2.3683059749999997,13.9704555235,-0.9036197856105362,0.7047133374070024,2.0214333583428243,14.504992579401488,2.323648516253544,-0.7494241929999998,0.3137147334999999,0.2226109550000004
183852.0,-3.7383930464999997,2.160012729,13.958491410499999,-0.9995448266293966,0.7273624751101329,2.0731265201283926,14.610979433856029,2.4137107529900073,-0.638020649,-0.20829324599999977,-0.01196411300000122
183862.0,-4.230392676999999,1.8092288584999998,13.591036234999999,-1.1778092657695935,0.7566735345681256,2.012106318820167,14.348721099984045,2.4511959005115385,-0.4919996304999996,-0.35078387050000015,-0.36745517549999995
183872.0,-4.3752368975,1.4034296814999998,12.991261521,-1.3891127876500429,0.8315499048079343,1.823984260064706,13.779883478722738,2.4388579626461953,-0.14484422050000045,-0.405799177,-0.5997747139999987
183882.0,-4.3644495825,1.1149180385,12.360399726499999,-1.5724404269502752,0.9242775026371411,1.5676477528242987,13.15564303976124,2.4050732369563694,0.010787314999999964,-0.2885116429999999,-0.6308617945000012
183892.0,-4.2854079835,1.020283866,11.8396666115,-1.6771601820699351,0.9799692137390281,1.313974618022435,12.632632592762814,2.3451514307192087,0.07904159899999996,-0.09463417249999995,-0.5207331149999987
183902.0,-4.0388688025,0.8981910735,11.327269149,-1.7080699631227547,0.9695775233726539,1.1061338293779424,12.059280027522789,2.254133008774311,0.24653918100000016,-0.12209279249999994,-0.512397462500001
183912.0,-3.7491803614999997,0.9652685595,10.835269518499999,-1.6915486764233763,0.9274749458267947,0.9665074892183959,11.506135854992833,2.1577032758378385,0.289688441,0.06707748599999996,-0.4919996305000005
183922.0,-3.5552048245,1.0717687784999999,10.344446686,-1.6502472050041825,0.8936347569598767,0.907086009504997,10.990711846746407,2.084395342805811,0.1939755369999996,0.10650021899999984,-0.49082283249999925
183932.0,-3.4510582015,1.0634331259999998,9.912365687,-1.6009521256108548,0.8869728352050144,0.9142820020109697,10.549677067874141,2.0458934718334487,0.1041466230000001,-0.008335652500000013,-0.4320809990000001
183942.0,-3.5264713399999996,0.9963556399999999,9.6178719875,-1.5284738377632863,0.898165631698054,0.9539847518353366,10.292336286827126,2.0132115341972194,-0.07541313849999964,-0.06707748599999996,-0.29449369950000026
183952.0,-3.7312341919999996,0.810813822,9.5064684435,-1.4216212902976892,0.8779145763871637,0.984627497512601,10.24463127285494,1.9393896991885482,-0.204762852,-0.18554181799999991,-0.11140354399999985
183962.0,-4.035240342,0.5822208105,9.592668897,-1.2790645423240443,0.7937111666246973,0.9792972619770104,10.423120562353423,1.7958303502199267,-0.3040061500000002,-0.2285930115,0.08620045350000005
183972.0,-4.3297340415,0.29723956149999997,9.733982723499999,-1.1266484294058836,0.6372982497194695,0.9188111314198948,10.657643636772674,1.5873561786188222,-0.29449369950000026,-0.284981249,0.14131382649999935
183982.0,-4.4602605529999995,0.0842391235,9.748300432499999,-1.0027422698190502,0.46196596372262305,0.7895764816267228,10.720558835846925,1.3573266488425206,-0.1305265114999994,-0.21300043799999996,0.014317709000000178
183992.0,-4.3920062689999995,-0.0510926465,9.625030842,-0.9305310173470368,0.33672811791651797,0.6145112310054315,10.579865227634654,1.1648595849596304,0.068254284,-0.13533177,-0.12326959049999964
184002.0,-4.2459852504999995,0.0422666615,9.383198853,-0.9036197856105362,0.30688473303666697,0.4365138272407898,10.29925229970984,1.0494052018597106,0.14602101849999993,0.093359308,-0.24183198899999958
184012.0,-4.1549795385,0.29851442599999994,9.197657034999999,-0.8977572246530873,0.37429982072419987,0.2963551616593852,10.097022371044284,1.0168061624779534,0.0910057119999994,0.2562477645,-0.1855418180000008
184022.0,-4.056814972,0.40981990349999997,9.111456581499999,-0.8942927460878785,0.4891442308346788,0.2033587831253713,9.982201215508919,1.0394115589786752,0.09816456650000038,0.11130547750000003,-0.08620045350000005
184032.0,-3.9825786315,0.3296015065,9.1018460645,-0.8825676241729806,0.584805727136488,0.13967520937860223,9.940481451671324,1.0679103491608892,0.07423634049999972,-0.080218397,-0.009610516999998708
184042.0,-4.044850858999999,0.18112882549999998,9.0420254995,-0.8591191256724368,0.656217618811088,0.07652396105369139,9.907161614538659,1.0837726477216583,-0.06227222749999939,-0.148472681,-0.05982056500000077
184052.0,-4.219605361999999,0.032754211,9.0025047,-0.8242125406325502,0.7071114197992426,-0.01060985652287353,9.942395743626355,1.0860227627457446,-0.17475450299999995,-0.14837461449999997,-0.03952079949999998
184062.0,-4.3956347295,-0.197113665,9.0983156705,-0.7799806613992579,0.7465471342480545,-0.13211618838821476,10.106424021986319,1.0877302712736447,-0.17602936750000087,-0.229867876,0.09581097050000054
184072.0,-4.668553799,-0.3276401765,9.2287441155,-0.7277534288625797,0.7524096952055035,-0.289330211420108,10.347582355738473,1.0860282564928432,-0.27291906949999944,-0.1305265115,0.13042844499999973
184082.0,-4.842131503999999,-0.242616521,9.3436780535,-0.6864519574433858,0.7183024709630303,-0.465994183636226,10.526605333427723,1.0974175635792622,-0.17357770499999958,0.08502365549999999,0.11493393800000007
184092.0,-4.867236527999999,-0.1348414375,9.484991879999999,-0.6739292200603265,0.6793990819360767,-0.6138811671454616,10.661765547808228,1.1369317453403165,-0.025105024000000142,0.10777508350000001,0.14131382649999935
184102.0,-4.7798592765,-0.0642335575,9.531671534,-0.6952449262149333,0.6279712101968118,-0.7460462247527322,10.663205094394373,1.1976219427396364,0.08737725149999953,0.07060788,0.04667965400000007
184112.0,-4.5895122,0.018338435499999996,9.391632571999999,-0.7597296060883677,0.5922652643595118,-0.8520994114209156,10.453072318682997,1.2860951071666122,0.19034707650000016,0.082571993,-0.1400389620000002
184122.0,-4.372883301499999,0.138077632,9.069582186,-0.8591191256724368,0.6053220724936814,-0.9336359580863347,10.069681962684065,1.4057654803615025,0.21662889850000067,0.1197391965,-0.322050385999999
184132.0,-4.232746273,0.29125750499999997,8.629067468,-0.9699684771251006,0.6756693133245648,-0.9749374295055285,9.615704722645665,1.5322763650972768,0.14013702849999898,0.15317987299999997,-0.4405147179999993
184142.0,-4.19332354,0.37147590199999997,8.213657774,-1.0792173616536858,0.7987743667847328,-0.9744051040836703,9.229633290942575,1.658980382521566,0.03942273300000032,0.080218397,-0.41540969400000094
184152.0,-4.356113929999999,0.3199909895,7.861697105499999,-1.1562247789101794,0.9266755850293813,-0.9520212564268429,8.993575717317796,1.7612290742387784,-0.16279038999999962,-0.05148491249999998,-0.3519606685000003
184162.0,-4.6205992805,0.1703415105,7.569557002,-1.1735454264069711,0.9834336923042369,-0.9410972406386104,8.870013931651052,1.7972241683600494,-0.2644853505000002,-0.149649479,-0.2921401034999995
184172.0,-4.852918819,0.0542307745,7.403236218,-1.1261143586547735,0.9474607110913817,-0.9581508527598471,8.852212635280186,1.7560946456483093,-0.23231953850000053,-0.11611073599999999,-0.16632078399999983
184182.0,-5.1413323955,0.0303025485,7.3852900485,-1.0160661133287747,0.8107647787459339,-1.0007840103983126,8.998706915214902,1.6405177562522495,-0.2884135765,-0.023928226000000004,-0.017946169500000053
184192.0,-5.257541198,0.0410898635,7.4103950725,-0.8468616783356806,0.5576257146951803,-1.0684661334614007,9.086109340971085,1.4730040795180412,-0.1162088025000001,0.010787314999999999,0.025105024000000142
184202.0,-5.1485893165,0.0375594695,7.370874272999999,-0.6539434547957395,0.2482626141206814,-1.1497373900805166,8.991060572151671,1.345798065754807,0.10895188150000035,-0.003530393999999999,-0.03952079950000087
184212.0,-4.9605958359999995,0.1213082605,7.282320223499999,-0.4977958279368147,-0.04697728214667938,-1.229942250526664,8.812174225456687,1.3276917906576746,0.1879934805000003,0.083748791,-0.0885540494999999
184222.0,-4.6194224825,0.20034985949999998,7.040488234499999,-0.4141282342547105,-0.2572161531834123,-1.2922941380541615,8.423044504106638,1.381190241463697,0.34117335349999944,0.07904159899999998,-0.24183198900000047
184232.0,-4.237551531499999,0.333229967,6.747171332999999,-0.4122624772843286,-0.3270293232631855,-1.3256020014992214,7.974472157446021,1.4262290120556833,0.3818709510000007,0.13288010750000004,-0.2933169014999999
184242.0,-3.9322705169999996,0.44090698399999995,6.4742522635,-0.47887820417444815,-0.25508510616672725,-1.3224045583095674,7.587693507176097,1.4293867781882401,0.3052810144999998,0.10767701699999993,-0.27291906949999856
184252.0,-3.8090009264999996,0.38108641899999995,6.2994977604999995,-0.5793341199314858,-0.07282386303946341,-1.2877650086452361,7.371389757119657,1.4139554643042491,0.12326959050000008,-0.05982056499999999,-0.17475450300000084
184262.0,-3.8641142994999997,0.2242780855,6.2240846219999995,-0.6720634630899445,0.14460925517399018,-1.2414003370660067,7.329454915684576,1.4190334499123056,-0.05511337300000019,-0.15680833349999995,-0.07541313850000009
184272.0,-4.1465458195,0.010002783,6.234871936999999,-0.756265127523159,0.3282021845205257,-1.2195505601602898,7.487828147044429,1.4720588255293814,-0.28243152000000027,-0.21427530250000001,0.010787314999999964
184282.0,-4.38357255,-0.3862839435,6.370105640499999,-0.8234131798351368,0.4614336383007648,-1.2400686508467351,7.742297427588876,1.5584288646244122,-0.23702673050000023,-0.3962867265,0.13523370349999997
184292.0,-4.6757126535,-0.532304962,6.457482891999999,-0.8484603999305074,0.5091299960992659,-1.3026875737497876,7.99028927455962,1.6358769262937793,-0.2921401034999995,-0.1460210185,0.08737725149999953
184302.0,-4.742790139499999,-0.6376283829999999,6.420413754999999,-0.8330072547333497,0.46756148930451696,-1.38502348121262,8.007642664825823,1.6824995917471643,-0.06707748599999963,-0.10532342099999992,-0.037069136999999586
184312.0,-4.579901682999999,-0.7334393534999999,6.3365668975,-0.7554657667257455,0.36044365179261695,-1.4689598555995314,7.85273918818787,1.6907073100259287,0.16288845650000017,-0.09581097049999998,-0.08384685749999932
184322.0,-4.4087756405,-0.6950953519999999,6.258800163,-0.6328930386874357,0.22134963705492883,-1.5430351197126748,7.687199729225657,1.682410960767337,0.1711260424999992,0.03834400149999995,-0.07776673449999993
184332.0,-4.162138393,-0.498766219,6.2216329595,-0.48287500816151513,0.08545481083614637,-1.5955293876249084,7.502058412624958,1.6691868753907513,0.24663724749999982,0.19632913299999993,-0.037167203500000134
184342.0,-3.859309041,-0.4461045085,6.2910640415,-0.32992482449224414,-0.030455995447301053,-1.6072527642105543,7.393967965896437,1.6410482642315527,0.3028293520000003,0.052661710500000014,0.06943108200000037
184352.0,-3.4822433485,-0.4532633629999999,6.410803238,-0.20681977103207605,-0.0922755575529402,-1.5616874534287382,7.309573487609373,1.5780230981858927,0.3770656925,-0.007158854499999923,0.11973919649999942
184362.0,-3.2547290685,-0.5215176469999999,6.537701289,-0.14100340493936991,-0.08321555340583764,-1.4870781185644846,7.321665118650508,1.496064209600117,0.22751427999999985,-0.068254284,0.1268980510000004
184372.0,-3.180492728,-0.6388051809999999,6.5807524825,-0.12821363218075543,-0.031257101573966446,-1.4018100579583017,7.336886893503487,1.4080082316765212,0.07423634050000016,-0.11728753400000003,0.043051193500000196
184382.0,-3.1781391319999996,-0.8327807179999999,6.5532938624999995,-0.1543272484490946,0.05827479839483867,-1.328799444688875,7.330740243311208,1.3389999312723246,0.002353596000000291,-0.19397553699999992,-0.027458620000000877
184392.0,-3.2739501024999997,-1.1583614979999999,6.5556474585,-0.18976615891083945,0.16859007909639226,-1.2848328555018855,7.418696936379465,1.3096676205872355,-0.09581097050000009,-0.32558078,0.002353596000000735
184402.0,-3.3900608384999997,-1.4660941749999998,6.5999735164999995,-0.2118829711921116,0.2511947672640319,-1.2864315770967125,7.563173608823324,1.327742221643028,-0.11611073599999999,-0.30773267699999995,0.044326057999999335
184412.0,-3.4654739770000003,-1.6695821625,6.632237395,-0.20095721007462708,0.27011239102639845,-1.3365277626167056,7.667045542204557,1.3782782608429232,-0.07541313850000053,-0.2034879875000002,0.03226387850000023
184422.0,-3.3229833524999997,-1.747348897,6.716084252499999,-0.14713125594312199,0.247463253323268,-1.408471979713164,7.694233829012329,1.4375948615162255,0.1424906245000006,-0.07776673449999993,0.08384685749999932
184432.0,-3.1350879384999994,-1.6156455875,6.775904817499999,-0.060264473742112204,0.19870049935179845,-1.4593657807013185,7.638846322734611,1.4740631523513628,0.1878954140000002,0.13170330949999998,0.05982056499999988
184442.0,-2.8512834875,-1.6432022739999999,6.902802868499999,0.03033207707040945,0.128355003850167,-1.5081285346727882,7.647131402084101,1.513884645211475,0.2838044509999995,-0.027556686499999872,0.1268980510000004
184452.0,-2.5268795054999997,-1.5928941595,7.020090402499999,0.11053693751655688,0.06120695153818914,-1.5171885388198907,7.629161231613717,1.5224407271872926,0.3244039820000002,0.050308114499999945,0.11728753399999992
184462.0,-2.331825237,-1.4385374884999997,7.209260681,0.18967714711898773,-0.017666222688686603,-1.4980038796819692,7.712343263129733,1.5100679253283662,0.19505426849999985,0.15435667100000017,0.18917027850000068
184472.0,-2.0134033115,-1.4397142864999999,7.2583919974999995,0.2709484037381037,-0.14103831152440977,-1.4657606670806258,7.668821585542553,1.497250538809896,0.31842192550000004,-0.0011767980000001454,0.04913131649999958
184482.0,-1.6614426429999998,-1.4756066254999998,7.196119769999999,0.34022750306676663,-0.25748318855896746,-1.4380500745467117,7.531397367911427,1.5000134543187746,0.3519606685000001,-0.035892338999999884,-0.06227222750000028
184492.0,-1.314287233,-1.604956339,7.093149945,0.38605984922413766,-0.2987846599781613,-1.4263249526318138,7.39026467206531,1.5075534321281534,0.34715540999999983,-0.12934971350000013,-0.10296982499999885
184502.0,-0.9731138795,-1.7078280975,7.052452347499999,0.41217346549247685,-0.2374974232943804,-1.4292571057751644,7.321250681874256,1.506342546081849,0.3411733535,-0.10287175850000008,-0.04069759750000124
184512.0,-0.7336354865,-1.6838998715,7.188960915499999,0.4286930068626032,-0.09627236154000722,-1.4359172822007749,7.419898843574378,1.501633944425954,0.23947839299999996,0.023928225999999997,0.136508568
184522.0,-0.5816324115,-1.6240793064999999,7.506206043,0.44628068973495005,0.059341194567807204,-1.430321756618881,7.701886717933375,1.4995026371635225,0.152003075,0.0598205650000001,0.31724512750000056
184532.0,-0.505042475,-1.456483658,7.981436302,0.46066918408839136,0.16459327510932525,-1.404208140350542,8.128944457336305,1.4869793357026202,0.07658993650000001,0.16759564849999986,0.47523025899999993
184542.0,-0.5457400724999999,-1.4277501735,8.4147921655,0.46173558026135986,0.1741856046782861,-1.353314339362387,8.552486771297676,1.4404860541082267,-0.040697597499999905,0.028733484500000017,0.4333558635000001
184552.0,-0.435611393,-1.5114989644999999,8.678100718,0.4747906430662774,0.0492147942477361,-1.3194741504954692,8.819513505695657,1.403160819201376,0.11012867949999988,-0.08374879099999988,0.26330855249999985
184562.0,-0.18534568499999998,-1.633591757,8.663783009,0.4995725731153449,-0.1522293626881974,-1.3008218167794057,8.818396173824555,1.4017431767919597,0.25026570800000003,-0.12209279250000016,-0.014317709000000178
184572.0,-0.028537351499999995,-1.5234630774999998,8.4302866725,0.5200906638017903,-0.32250019385426026,-1.2645818001909956,8.566883185235312,1.4048728778733404,0.15680833349999998,0.11012867950000027,-0.2334963365
184582.0,0.12111212749999999,-1.3918578345,8.0939185775,0.5267508402274006,-0.395510807123687,-1.2006311910686713,8.213613962080652,1.3694562801341559,0.14964947899999997,0.13160524299999987,-0.3363680949999992
184592.0,0.2754687985,-1.3224267525,7.7683377975,0.5262185148055423,-0.36060422208380044,-1.122824413014764,7.8849075905011015,1.2913852998895268,0.154356671,0.06943108199999992,-0.3255807800000001
184602.0,0.33774102599999994,-1.2565260644999998,7.556416091,0.5243527578351604,-0.22017852112684064,-1.0487474035723687,7.667617028238637,1.193019493685969,0.062272227499999944,0.06590068800000015,-0.21192170650000008
184612.0,0.2993970245,-1.1523794415,7.5516108325,0.5208900245992036,-0.016067501093859796,-0.9831980728552177,7.644896540895935,1.112772677946657,-0.03834400149999995,0.10414662299999988,-0.004805258500000242
184622.0,0.2635046855,-1.1392385305,7.7324454585,0.5014383300857268,0.1797828755894319,-0.9277733971288857,7.820358810012078,1.0698251061058721,-0.035892338999999995,0.013140911000000033,0.18083462600000022
184632.0,0.303025485,-1.2074928145,7.971825784999999,0.44761237595422176,0.31541066643265925,-0.8742144783729358,8.068449026177179,1.03154819654912,0.03952079949999998,-0.068254284,0.23938032649999919
184642.0,0.36284605,-1.3128162354999997,8.1023522965,0.3578151859391135,0.37429982072419987,-0.8217219557899543,8.216036542079875,0.9712667170813989,0.05982056499999999,-0.1053234209999998,0.13052651150000028
184652.0,0.39285439899999997,-1.213474871,8.0221338995,0.25869095640134754,0.38176110327647567,-0.7758896096325831,8.122898998686933,0.9025891851969633,0.03000834899999999,0.09934136449999964,-0.08021839699999944
184662.0,0.46463907699999996,-1.190723443,7.688119400499999,0.17795202520408984,0.37403278534864476,-0.7332564519941177,7.793644314820227,0.8421594101955426,0.07178467799999999,0.022751428000000073,-0.33401449900000113
184672.0,0.566432104,-1.2229873215,7.395979296999999,0.15450352670354603,0.41053809198335817,-0.6866247450393331,7.517782457523244,0.8147799735103329,0.10179302700000004,-0.03226387850000001,-0.2921401034999995
184682.0,0.5269113045,-1.096187337,7.217694399999999,0.20486500226984242,0.483548705252785,-0.624806928262946,7.319451799991608,0.8161940437861854,-0.03952079949999998,0.12679998450000007,-0.17828489700000016
184692.0,0.3760850275,-0.8076756939999999,7.3086020455,0.3039892318076084,0.5800095623520076,-0.5400711930786214,7.362706284653411,0.8488212055952142,-0.150826277,0.288511643,0.09090764550000063
184702.0,0.1785790965,-0.8064008294999999,7.5731854625,0.40444514756464595,0.6514214540266077,-0.4374824849756466,7.618091023409105,0.8827891666843193,-0.197505931,0.001274864500000028,0.2645834169999999
184712.0,0.0887501825,-1.007535221,7.853361452999999,0.46946215285993875,0.6746029171515963,-0.3551465775128142,7.918225175373302,0.8953283756903929,-0.08982891400000001,-0.2011343915,0.2801759904999992
184722.0,-0.021378497,-1.1596363625,8.0221338995,0.4806532040237264,0.6604797128444582,-0.32690016889853796,8.105544141812645,0.8798435508903072,-0.11012867949999999,-0.15210114149999998,0.16877244650000112
184732.0,-0.038147868499999994,-1.2864363469999998,8.077149206,0.45187621531684385,0.6055891078692365,-0.34102337320567605,8.179041082592764,0.8289916903151142,-0.016769371499999994,-0.12679998449999985,0.05501530649999964
184742.0,-0.0512887795,-1.2302442425,8.014876978499998,0.43268981084967023,0.5197887218411953,-0.38419060159525176,8.108907720254082,0.7778195202748183,-0.013140911000000005,0.056192104499999784,-0.062272227500001165
184752.0,0.010983447999999998,-1.099717731,8.007718123999998,0.46813046664066704,0.3940185506132319,-0.4372171949293435,8.082886197234489,0.7520343260559615,0.0622722275,0.13052651150000005,-0.007158854500000089
184762.0,0.1821094905,-1.007535221,8.065185093,0.5579276566557753,0.2402690061465474,-0.46546185821436775,8.129914001539937,0.7652889694935022,0.1711260425,0.09218251,0.05746696900000181
184772.0,0.24320491999999996,-0.6843080369999999,8.182472627,0.6557201999742697,0.09744522279734741,-0.4516056892827848,8.214638422609925,0.8021298215955446,0.061095429499999965,0.32322718400000006,0.11728753399999903
184782.0,0.30184868699999995,-0.522694445,8.388412277,0.7356580250448619,-0.012603022528651054,-0.40284293531131515,8.410100037550196,0.8388289435397426,0.058643766999999986,0.16161359199999992,0.20593965000000125
184792.0,0.24918697649999996,-0.4557150254999999,8.596705522999999,0.7884175830033985,-0.12958022498506702,-0.34182273400308943,8.61238156277939,0.869043210305131,-0.052661710499999986,0.06697941950000003,0.20829324599999843
184802.0,0.1917200075,-0.5263229054999999,8.791857858,0.8214584110729031,-0.24016254106217574,-0.3002542272083405,8.809684271153316,0.9069865314371199,-0.05746696899999995,-0.07060788000000001,0.1951523350000013
184812.0,0.186914749,-0.6388051809999999,8.896004480999999,0.8358486507555963,-0.35314293953152465,-0.2946587016264467,8.92086906689243,0.9540317883357453,-0.00480525850000002,-0.1124822755,0.10414662299999833
184822.0,0.2850793155,-0.7429518039999999,8.966612361,0.8222577718703166,-0.4823775893246968,-0.34129040858123116,9.00185452179887,1.0125587020382507,0.0981645665,-0.104146623,0.07060788000000073
184832.0,0.5280881024999999,-0.92378643,8.9163042465,0.8046718343272217,-0.599887117202971,-0.4174984650403116,8.979573476975848,1.0870447473110953,0.24300878699999995,-0.1808346260000001,-0.050308114499999945
184842.0,0.9338872795,-0.8794603719999999,8.7307624285,0.7780258926370242,-0.7046068723226309,-0.49956908245684095,8.824500471960864,1.1624820008433199,0.405799177,0.04432605800000011,-0.18554181799999903
184852.0,1.3049709154999998,-0.5514279295,8.492558899999999,0.7303295348385233,-0.7240585668361076,-0.5419369500490032,8.609911644244832,1.1624705138172873,0.37108363599999983,0.32803244249999997,-0.23820352850000148
184862.0,1.5826952435,-0.125328987,8.235232404,0.6695746235766006,-0.6220039294842431,-0.5227505455818297,8.386875719639082,1.0528471863179796,0.27772432800000013,0.42609894249999997,-0.25732649599999924
184872.0,1.6748777535,0.16798791449999997,8.2423912585,0.6058910498298316,-0.41256441924492365,-0.4425456851356822,8.412517404842886,0.8562476556014661,0.09218251,0.2933169015,0.007158854500000089
184882.0,1.5479797024999997,0.402661049,8.433915133,0.5525991664494366,-0.18100809672433193,-0.3261008081011245,8.584247290845026,0.6666869631878095,-0.12689805100000018,0.23467313450000002,0.19152387449999964
184892.0,1.4007818859999999,0.27095773949999996,8.7391961475,0.5179578714558531,-0.012070697106792783,-0.20566087240875183,8.854894538797144,0.5574248404687855,-0.14719781649999986,-0.13170330950000003,0.3052810145000002
184902.0,1.1924886399999999,0.08776951749999999,9.0324149825,0.5067668202920655,0.06200631233560255,-0.12492194121149414,9.111215783901823,0.525607157784632,-0.208293246,-0.18318822199999996,0.2932188350000011
184912.0,1.0152824745,-0.0534462425,9.3640758855,0.5323481111385464,0.0398895000543304,-0.09987472111612353,9.419106761963516,0.5431027928167798,-0.1772061654999999,-0.14121576,0.3316609029999995
184922.0,1.0320518459999999,-0.1468055505,9.5866868405,0.5707174294143897,-0.03445454476362006,-0.12065984717812397,9.64319695227187,0.584349466170104,0.016769371499999908,-0.093359308,0.2226109550000004
184932.0,1.1182522995,0.0171616375,9.6884798675,0.5901691239278666,-0.12078725621351957,-0.16249364401917607,9.752816253272258,0.62393376286911,0.08620045350000005,0.16396718799999999,0.10179302699999937
184942.0,1.1637551554999999,0.44934070299999995,9.7710518605,0.5824425513292877,-0.18740298310363912,-0.18434342092489306,9.850364845522519,0.6390161973795383,0.045502855999999925,0.43217906549999996,0.08257199300000018
184952.0,1.248778811,0.798849709,9.7255490045,0.5605927744235707,-0.23829678409179378,-0.1595632362050776,9.837881520698595,0.6296904337788884,0.08502365550000013,0.349509006,-0.04550285600000059
184962.0,1.3803840539999999,0.959286503,9.601102616,0.5488676525086728,-0.2734704045072355,-0.08708494835750907,9.747146360568179,0.6193751289341235,0.13160524299999987,0.160436794,-0.12444638849999912
184972.0,1.366066345,0.960463301,9.426348113,0.569118707819563,-0.2875936088143737,0.01896649298142238,9.573122048682349,0.6379388021410035,-0.014317708999999956,0.0011767980000000344,-0.17475450300000084
184982.0,1.2463271485,0.924570962,9.244336689,0.628807222908517,-0.26894127509831023,0.11462798928323159,9.37368250179476,0.6934461110717566,-0.11973919649999987,-0.035892338999999995,-0.1820114239999988
184992.0,1.224850585,0.786885596,9.209621147999998,0.7026171969753572,-0.1863365869306706,0.1673875472417682,9.323978206026434,0.7459295141540482,-0.021476563500000045,-0.13768536600000003,-0.0347155410000024
185002.0,1.1661087515,0.6456698359999999,9.404773483,0.7556420449801969,-0.06296449809494743,0.17804452765444553,9.49876115206531,0.7788833558305744,-0.05874183350000006,-0.14121576000000002,0.1951523350000013
185012.0,1.0499980155,0.739029144,9.707602835,0.7884175830033985,0.05267927281294485,0.17404772366737856,9.792150566159373,0.8091168031173358,-0.11611073599999999,0.09335930800000003,0.30282935199999983
185022.0,0.9805669334999999,0.8946606795000001,10.089473786,0.8147982346472927,0.1384796588409861,0.17164964127513832,10.176414423602164,0.8441186992638797,-0.06943108200000003,0.15563153550000008,0.3818709509999998
185032.0,0.962620764,1.089714948,10.435452397999999,0.8305184152200057,0.1768507224460814,0.18204307697076458,10.536260444488951,0.8684334735155217,-0.017946169499999942,0.19505426849999985,0.3459786119999997
185042.0,0.9793901355,1.2130826049999999,10.725140839,0.8425088271812067,0.1579313533544629,0.22574263078219858,10.837869738119846,0.8864102727310263,0.01676937150000002,0.12336765699999996,0.2896884410000009
185052.0,0.9423209984999998,1.3112471714999998,10.910682656999999,0.8595624393024434,0.08358905386576443,0.2982191733005151,11.029521025445364,0.9136571524974688,-0.03706913700000014,0.09816456649999994,0.18554181799999903
185062.0,0.9446745944999999,1.339980656,10.953831917,0.8859430909463377,-0.020863665878340217,0.37709234752739085,11.075847232326556,0.9630831176555595,0.002353596000000069,0.02873348450000024,0.04314926000000163
185072.0,0.9243748289999999,1.3830318494999998,10.9058773985,0.9339064841203938,-0.13251237812841746,0.45623255712982175,11.032017392677247,1.047801983976257,-0.02029976550000001,0.04305119349999975,-0.04795451850000099
185082.0,0.8524920844999999,1.4189241885000001,10.749069065,0.9933279638337927,-0.2073887483682262,0.520183166252146,10.875779253505723,1.1403074423750974,-0.07188274449999998,0.03589233900000033,-0.156808333499999
185092.0,0.8046356324999999,1.4404988184999998,10.582748280999999,1.031697282109636,-0.19752938342371026,0.5577548690598279,10.710603929106753,1.1893307501229868,-0.047856451999999994,0.021574629999999706,-0.1663207840000016
185102.0,0.616642152,1.501594248,10.648550902499998,1.0426230432271206,-0.08401665953250304,0.5788052851681315,10.771567627433967,1.1954652514756523,-0.18799348049999987,0.06109542950000013,0.0658026214999996
185112.0,0.3209716545,1.4740375614999999,10.762308042499999,1.0162423915832262,0.10117499140885929,0.5820027283577851,10.867524278204558,1.175462527328406,-0.2956704975000001,-0.027556686500000094,0.11375714000000059
185122.0,0.045698988999999995,1.4560913919999998,10.975308480499999,0.9533581786338705,0.2767743127812608,0.559885916076513,11.071571107191035,1.1397228066527696,-0.27527266549999996,-0.017946169500000053,0.2130004379999999
185132.0,-0.16622271749999998,1.3986244229999998,11.315305036,0.8867424517437511,0.3633740596067154,0.540167186187481,11.402627255424608,1.100060667396705,-0.21192170649999997,-0.057466969000000034,0.33999655550000085
185142.0,-0.3062616795,1.3339985995,11.66010685,0.8696888396225145,0.3234060197360453,0.5324406135889022,11.740163552234485,1.0697864919526672,-0.14003896200000002,-0.06462582349999968,0.3448018140000002
185152.0,-0.25124637299999997,1.296831396,12.016872776999998,0.9200503151888109,0.13341820401020255,0.5217818878469728,12.089256707846046,1.0660906800668923,0.05501530650000003,-0.037167203500000134,0.3567659269999979
185162.0,-0.046483521,1.3961727604999998,12.094639511499999,1.0149107053639546,-0.17034937098240255,0.4916714675915666,12.175046776420356,1.140527720005132,0.20476285199999997,0.09934136449999986,0.07776673450000082
185172.0,0.36647451049999996,1.4860016745,11.991669686499998,1.118831099686201,-0.4831769501221102,0.470621051483263,12.088947283100625,1.3064176854488576,0.4129580315,0.08982891400000015,-0.10296982500000063
185182.0,0.765114833,1.6476152665,11.764253472999998,1.216089572253585,-0.6808913384465318,0.5031295541309094,11.903684158741488,1.4817645598256777,0.3986403225000001,0.16161359199999992,-0.22741621349999974
185192.0,1.0345035084999998,1.8223697694999998,11.5715528005,1.279240820578496,-0.6984790213188787,0.5987893051034666,11.759764593759762,1.5757152827091623,0.2693886754999998,0.17475450299999995,-0.19270067249999911
185202.0,1.2223989224999998,1.7517618895,11.6325501635,1.2891001855230118,-0.5433977906329225,0.726692268677367,11.82705170993928,1.5764333479521624,0.18789541399999998,-0.07060787999999985,0.06099736300000025
185212.0,1.191311842,1.6344743555,11.913902951999999,1.235541266767062,-0.27853360466727106,0.8647198872420866,12.084362369332975,1.533585235389695,-0.031087080499999864,-0.11728753399999992,0.28135278849999956
185222.0,0.871615052,1.5494507,12.3125432745,1.1321549431959257,0.006314601233715485,0.9931534309085933,12.440226370811692,1.506043965798217,-0.31969678999999995,-0.08502365550000013,0.39864032250000037
185232.0,0.40481851199999996,1.286044081,12.8105249615,1.0284998389199824,0.24080133156840566,1.0864168448181624,12.881278554365153,1.5152883424115022,-0.46679654000000004,-0.26340661899999995,0.4979816870000011
185242.0,-0.160240661,1.029894383,13.274967905499999,0.9696124299576937,0.37136941291010145,1.1250531984695609,13.315822633304624,1.5309500986512414,-0.565059173,-0.256149698,0.4644429439999982
185252.0,-0.7360871489999999,1.123253691,13.725093140499999,0.9533581786338705,0.358577894822235,1.1045351077831156,13.790638305048398,1.5024871805605182,-0.5758464879999999,0.09335930799999992,0.4501252349999998
185262.0,-1.1347274715,1.2262235160000001,14.154820543499998,0.9568226571990793,0.2008332916977355,1.0472464204156535,14.253075989570032,1.4326788451907337,-0.39864032250000003,0.10296982500000018,0.42972740299999934
185272.0,-1.2531918034999998,1.190331177,14.524727381499998,0.958154343418351,-0.05763600788860874,1.0134044862194835,14.627203543883349,1.3958403590334256,-0.11846433199999984,-0.035892339000000106,0.36990683800000035
185282.0,-1.1262937524999999,1.0921666104999999,14.863547139,0.9355052057152206,-0.3302267664528391,1.0267283297292082,14.946116521534504,1.4277222314829676,0.12689805099999996,-0.09816456650000016,0.3388197575000014
185812.0,-3.3600524894999997,2.2581772955,9.923153001999998,1.1452117513300952,-0.2572161531834123,-0.7838849629359692,10.717195665434517,1.4114339304268344,-2.2337587369999996,1.166010685,-4.940394137000002
185822.0,-3.1266542194999998,2.2940696345,10.1972488695,0.8353145800044861,0.19630241695955822,-0.9477591623934728,10.909748237368778,1.2784883716221327,0.2333982699999999,0.035892339000000106,0.2740958675000016
185832.0,-3.3935912325,2.3658543125,10.630604732999998,0.5728502217603268,0.6650105875826354,-1.111099291099866,11.407168144222197,1.4159583655074335,-0.26693701300000017,0.07178467799999977,0.4333558634999992
185842.0,-3.7766389814999997,2.6747637875,10.9813886035,0.40790962612985476,0.9591840876770277,-1.2560558667950033,11.916721821733793,1.6322073145444351,-0.3830477489999997,0.3089094750000001,0.3507838705000008
185852.0,-4.0232762289999995,2.948859655,11.4601492565,0.3610126291287671,1.030863014727183,-1.3594439356953913,12.498701767022872,1.7438739885157575,-0.24663724749999982,0.27409586750000026,0.47876065300000015
185862.0,-4.0280814875,3.1188088994999994,11.994121349,0.4076425907542996,0.8875069059561246,-1.4074073288694473,13.03116864890015,1.7130780423763896,-0.004805258500000242,0.16994924449999926,0.5339720925000009
185872.0,-3.9622788659999997,3.159506497,12.586639142,0.5003719339127584,0.616514868986721,-1.3991466855197583,13.568552612842018,1.6087492357512507,0.06580262150000005,0.04069759750000079,0.592517792999999
185882.0,-3.8508753219999994,3.1619581594999997,13.105018661,0.5845735983459728,0.2938279249024974,-1.3591769003198362,14.020297224138135,1.5084505254395002,0.1114035440000003,0.0024516624999995074,0.5183795190000016
185892.0,-3.7431983049999995,3.108119651,13.508464241999999,0.6429286818864032,-0.030990066198411315,-1.326935433047745,14.357943706982551,1.4748136552367477,0.10767701699999987,-0.053838508499999715,0.40344558099999794
185902.0,-3.666510302,3.019467535,13.703518510499999,0.6711750905006794,-0.29452082061553914,-1.329333515439985,14.503341048089823,1.518007282972211,0.07668800299999967,-0.088652116,0.19505426849999985
185912.0,-3.585115107,3.0159371409999998,13.581425717999998,0.6474595566245804,-0.4045708112707896,-1.3954151715789944,14.366769007068175,1.5906177793139487,0.08139519499999981,-0.0035303940000002143,-0.12209279250000016
185922.0,-3.3708398044999996,3.005149826,13.431776239,0.5342121227796763,-0.30864402492267723,-1.5262485429669932,14.170606881812592,1.6462315575744828,0.21427530250000038,-0.010787314999999964,-0.14964947899999892
185932.0,-3.1625465585,3.0829165604999997,13.4605097235,0.35621646434428667,-0.014203489452729853,-1.6967846641793591,14.166559118929458,1.7338310486252226,0.20829324599999977,0.07776673449999993,0.028733484500000017
185942.0,-3.0404537659999997,3.1799043289999998,13.719111084,0.16169777388026665,0.3353964316972463,-1.8678531108135834,14.407295359640136,1.904602893006587,0.12209279250000016,0.09698776850000002,0.25860136050000015
185952.0,-2.972199482,3.353482034,14.178748769499999,0.00901462558655071,0.5626889148552159,-2.014141372727992,14.869994222653872,2.0912832299117223,0.06825428399999955,0.17357770500000003,0.45963768549999884
185962.0,-2.8824686345,3.6132601925,14.888652162999998,-0.06319662688546268,0.5653540326230112,-2.11939345326951,15.589619555280557,2.194412815678595,0.08973084750000027,0.2597781585000001,0.7099033934999994
185972.0,-2.7112445254999997,3.9257000614999997,15.659650985999999,-0.061863195336939014,0.31700938802748607,-2.1694896387895035,16.37029739660357,2.193400852523284,0.17122410900000018,0.31243986899999987,0.7709988230000011
185982.0,-2.3760532285,4.128011250999999,16.1432168975,-0.03628364981971011,-0.13757557828845304,-2.158563877672019,16.831207848303027,2.1632479185188425,0.3351912969999997,0.2023111894999996,0.4835659115000013
185992.0,-2.0672418199999996,4.5517565975,16.078591074,-0.04347789699643074,-0.6438537063899601,-2.1082024021057224,16.837846293102753,2.204757422258435,0.30881140850000044,0.4237453465000005,-0.0646258235000019
186002.0,-1.7883406939999997,5.128779883499999,15.555504362999999,-0.11195938085693224,-0.9945182783836528,-2.0471822007974967,16.476536696724914,2.2787181642895495,0.27890112599999983,0.5770232859999993,-0.5230867109999995
186012.0,-1.4076465409999999,5.420919987,14.940137075500001,-0.25957932899061265,-1.0704592994671782,-1.9973547959823108,15.955423470549915,2.2809407534805715,0.38069415299999987,0.2921401035000013,-0.615367287499998
186022.0,-1.0736320419999998,5.5058455760000005,14.413421903999998,-0.48127628656668836,-0.9017889352251942,-1.961914140191314,15.466536530557667,2.212229020962485,0.334014499,0.08492558900000002,-0.5267151715000029
186032.0,-0.9527160474999999,5.576453456,14.163254262499999,-0.7394785507774775,-0.6038839211900381,-1.9342035476574,15.251303954689341,2.1569996942749636,0.1209159944999999,0.07060787999999985,-0.25016764149999915
186042.0,-1.1370810674999998,5.563312545,14.087841124,-0.9710348732980693,-0.34381590000886697,-1.9096886529838877,15.189162826255004,2.169799264815831,-0.18436501999999988,-0.013140911000000699,-0.07541313849999831
186052.0,-1.3789130565,5.443573348499999,14.0830358655,-1.1389058767426397,-0.23057021149321488,-1.9000963234149268,15.161325509560337,2.2272483599189985,-0.24183198900000025,-0.11973919650000031,-0.0048052585000011305
186062.0,-1.6063292699999998,5.272447306,14.027922492499998,-1.2308341137744332,-0.2670755181279283,-1.9019603350560566,15.071881228758166,2.2811696701781616,-0.22741621349999974,-0.1711260424999992,-0.055113373000001076
186072.0,-1.7224400059999998,5.1766363355,13.859150046,-1.2577470908401855,-0.42828459981763656,-1.9059571390431236,14.89430774899693,2.3233656747975235,-0.11611073599999999,-0.09581097050000054,-0.16877244649999845
186082.0,-1.6099577305,5.086905487999999,13.4354046995,-1.2436256318622994,-0.6635724362789921,-1.920347378725817,14.45609458938298,2.3821559867887023,0.1124822754999999,-0.08973084750000027,-0.4237453465000005
186092.0,-1.3010482555,4.9085225245,13.066674659499999,-1.2151139332017202,-0.8820702053361622,-1.9320707553114629,14.018712729558406,2.446926055550625,0.3089094749999999,-0.17838296349999894,-0.36873004000000087
186102.0,-0.9611497665,4.6906187615,12.645282909,-1.207120325227586,-1.0142370082726848,-1.9312713945140494,13.521423486010129,2.4931155985625137,0.3398984890000001,-0.2179037630000007,-0.421391750499998
186112.0,-0.6379225824999999,4.603241509999999,12.226342821,-1.2524186006338471,-1.0320899811913349,-1.9158165039876396,13.07976438615271,2.510799664935575,0.32322718400000006,-0.08737725150000042,-0.41894008800000115
186122.0,-0.3409772205,4.5494030015,11.870753692,-1.3504764339986444,-0.9177761511734622,-1.8939667270819227,12.717237371028691,2.500641842755951,0.2969453619999999,-0.05383850849999927,-0.35558912900000017
186132.0,-0.07286340949999999,4.610400364499999,11.754642955999998,-1.4703840442691587,-0.7261896138527926,-1.8694518324084102,12.626667478811108,2.4868113612825877,0.26811381100000004,0.06099736299999936,-0.11611073600000132
186142.0,0.1821094905,4.6535496245,11.939007976,-1.5812333957218228,-0.5505920378096432,-1.8228218707828778,12.815170674837143,2.475102061824872,0.2549729,0.043149260000000744,0.18436502000000132
186152.0,0.38442067999999996,4.6942472219999996,12.193980876,-1.6736957035047264,-0.49037119729883083,-1.7362203786281711,13.071989360641329,2.4609312103824075,0.20231118949999996,0.04069759749999946,0.2549729000000003
186162.0,0.532893361,4.7816244735,12.359222928499998,-1.7352482302348102,-0.5572539595645055,-1.618977886125452,13.262665619555223,2.437766968302466,0.148472681,0.08737725150000042,0.16524205249999824
186172.0,0.7926715194999999,4.90136367,12.2766509355,-1.7509701561367752,-0.7216604844438674,-1.499602601276796,13.242652761268616,2.4156776076797857,0.25977815849999997,0.11973919650000031,-0.0825719929999984
186182.0,1.1625783575,4.986289259,11.942636436499999,-1.7413778265678144,-0.8985914920355406,-1.36477242590173,12.993892183105244,2.3879839151305853,0.369906838,0.08492558900000002,-0.33401449900000024
186192.0,1.4318689665,5.085728689999999,11.500846853999999,-1.732583112467015,-1.0182338122597518,-1.2054273558531516,12.656396146007621,2.343437528135546,0.269290609,0.09943943099999863,-0.4417895825000002
186202.0,1.6605600445,5.079746633499999,11.026793392999998,-1.7387127088000192,-1.0403488792117719,-1.0346259445944825,12.2536304030215,2.2750601133701753,0.228691078,-0.005982056499999722,-0.47405346100000045
186212.0,1.792263354,4.9420612675,10.618640619999999,-1.7568309717649724,-0.9662736150986286,-0.8667531958206599,11.848700608865471,2.184353649264184,0.13170330949999998,-0.13768536599999948,-0.4081527729999994
186222.0,1.7969705459999998,4.7121933915,10.282272525,-1.7712212114476655,-0.8586217068356183,-0.7119390005102589,11.452466894973226,2.0931586074110564,0.004707191999999916,-0.22986787600000014,-0.3363680949999992
186232.0,1.7862812975,4.430840603,10.0954558425,-1.772285862291382,-0.7600315480489627,-0.582971386092642,11.168767971036871,2.0145721056121038,-0.01068924849999986,-0.28135278849999956,-0.18681668249999994
186242.0,1.7407784414999998,4.174690905,9.981796768999999,-1.752568877731602,-0.6984790213188787,-0.4787839563948405,10.958769113011721,1.9464338394399852,-0.04550285600000015,-0.25614969799999976,-0.11365907350000093
186252.0,1.6150571885,4.0178825715,9.885985798499998,-1.6939467588156165,-0.7075372801367292,-0.39031845259900394,10.792798769949925,1.876809292103088,-0.1257212529999998,-0.1568083334999999,-0.09581097050000054
186262.0,1.5803416474999998,3.7521223564999997,9.809395862,-1.6038825334249531,-0.7773504502165024,-0.311179988325825,10.620741456150453,1.8092943067980691,-0.03471554100000018,-0.2657602150000007,-0.07658993649999779
186272.0,1.6485959315,3.5797214495,9.706426037,-1.5202131944135968,-0.8434338516847638,-0.22964169633115392,10.476019311414058,1.7536145891645742,0.06825428400000022,-0.17240090699999966,-0.10296982500000063
186282.0,1.668895697,3.42055952,9.5256894775,-1.466921311033202,-0.8660829893878942,-0.1457070672734946,10.257884786791182,1.7097334373298905,0.0202997654999999,-0.1591619295000002,-0.18073655949999967
186292.0,1.804227467,3.194222038,9.358093829,-1.4392089731700362,-0.859688103008587,-0.0694990108144142,10.051478065095202,1.6778606066690507,0.13533177000000007,-0.22633748199999992,-0.16759564850000075
186302.0,1.8233504345,3.03025485,9.165295089999999,-1.4085662274927715,-0.8575570559919018,-0.00048520153205442357,9.823934311146322,1.649079487755288,0.019122967499999977,-0.16396718799999999,-0.19279873900000055
186312.0,2.001733398,2.7214434414999995,8.9941690475,-1.3725932462799164,-0.8746106681131385,0.08718094146636875,9.607719180792028,1.6298946460018549,0.17838296349999982,-0.30881140850000044,-0.1711260424999992
186322.0,2.1668773839999997,2.40655191,8.7535138565,-1.3299583433121989,-0.89139724485882,0.1871045318015481,9.333319587839732,1.6119511000363196,0.1651439859999999,-0.3148915314999994,-0.2406551910000001
186332.0,2.2303264095,2.1839409549999997,8.442250785499999,-1.292388385833769,-0.8783404367246503,0.2982191733005151,9.00086397592558,1.5908124773045085,0.0634490255000002,-0.2226109550000004,-0.31126307100000083
186342.0,2.2615115565,1.964860394,8.109511151,-1.2734690167421505,-0.7989349370759162,0.39867683438680473,8.645188372516023,1.5553017676834942,0.03118514699999997,-0.21908056099999973,-0.3327396344999993
186352.0,2.221990757,1.7841238345,7.890430589999999,-1.2566824399964691,-0.6835564562143273,0.47728297323812535,8.389233318762338,1.5080779888224594,-0.03952079949999998,-0.18073655950000012,-0.21908056100000017
186362.0,2.1106852794999997,1.6105461294999999,7.7575504825,-1.2326998707448151,-0.5852315874739746,0.5470961433178985,8.199295132685577,1.4701561727738013,-0.1113054775000002,-0.17357770500000003,-0.13288010749999923
186372.0,1.9778051719999998,1.306441913,7.677332085499999,-1.1924647954985899,-0.5425984298355091,0.6017214582468171,8.034919521779967,1.4416844515628688,-0.1328801074999999,-0.30410421649999986,-0.08021839700000122
186382.0,1.969371453,1.0802024975,7.5276826065,-1.1098618526602022,-0.5689773361501514,0.6384920549278337,7.855651900364425,1.401142621309061,-0.008433718999999895,-0.22623941550000004,-0.14964947899999892
186392.0,1.9705482509999999,0.9425171314999999,7.38048479,-1.010470587746881,-0.6275994550661369,0.6704682321536217,7.696944503379993,1.3654521357513933,0.0011767979999999234,-0.13768536600000003,-0.1471978165000003
186402.0,2.0029101959999998,0.8479810255,7.233188907,-0.8921616990711935,-0.6979449505677684,0.7064412133664769,7.553128016735625,1.3349677296681532,0.03236194499999989,-0.09453610599999995,-0.14729588299999996
186412.0,2.039979333,0.9269245580000001,6.888485159499999,-0.7789142652262894,-0.7491057869314782,0.7514724533971825,7.2437512800994455,1.3162741966634537,0.03706913700000003,0.07894353250000008,-0.34470374750000055
186422.0,2.2962270974999996,0.9795862685,6.561629515,-0.6960442870123467,-0.7075372801367292,0.7986364857738253,7.020486452721504,1.273933628049347,0.25624776449999986,0.0526617104999999,-0.32685564449999926
186432.0,2.5452179409999998,1.0730436429999999,6.408449641999999,-0.6638028197402553,-0.5431307552573674,0.8503296475593933,6.9783797432513595,1.2077606179703138,0.24899084350000011,0.09345737449999991,-0.1531798730000009
186442.0,2.5284485695,1.2286751785,6.489844837,-0.6696653806977043,-0.3043801855600551,0.9233402608288201,7.072537088711813,1.1805321921633516,-0.016769371499999686,0.1556315355000002,0.0813951950000007
186452.0,2.2088498459999997,1.2214182574999999,6.792674189,-0.706703012754276,-0.07255857299316026,1.0032798312286644,7.246468301168188,1.229334907379186,-0.3195987235000004,-0.007256921000000194,0.3028293520000007
186462.0,1.8449250644999997,0.8264063955,7.199748230499999,-0.7823787437914981,0.06040759074077574,1.0432496164285865,7.47817294576232,1.3054253475148476,-0.36392478149999996,-0.39501186199999994,0.4070740414999987
186472.0,1.4702129679999998,0.450517501,7.496595525999999,-0.8527242392931296,0.06733480254194124,1.0245972827125231,7.652675131640298,1.3347180210266492,-0.3747120964999999,-0.37588889449999996,0.2968472955000001
186482.0,1.1697372119999998,0.2829218525,7.576813923,-0.8817682633755672,-0.028591983806171107,0.9758345287410536,7.671795040505593,1.315517312435534,-0.300475756,-0.16759564849999997,0.08021839700000033
186492.0,1.0248929915,0.184757286,7.4451106135,-0.8609848826428188,-0.18287385369471384,0.9134826412135562,7.5175935608415445,1.2685378789390243,-0.1448442204999998,-0.09816456650000002,-0.13170330949999975
186502.0,1.021264531,0.2697809415,7.17454514,-0.7967672381449394,-0.351811253312253,0.8684496558535985,7.25188671757722,1.2299650379138776,-0.003628460500000097,0.08502365549999999,-0.2705654734999996
186512.0,1.1541446385,0.3882452735,6.816602415,-0.706703012754276,-0.4890395110795591,0.8639205264446732,6.9245110096783895,1.2185842062185714,0.13288010750000012,0.118464332,-0.357942725
186522.0,1.3756768619999997,0.34519408,6.464641746499999,-0.6155723911906441,-0.5588526811593323,0.8966943191386227,6.618401520918761,1.2228272118376413,0.22153222349999968,-0.04305119349999997,-0.3519606685000012
186532.0,1.6090751319999999,0.2470295135,6.2516413085,-0.5412300917019456,-0.5596520419567457,0.952918355662368,6.460121160713973,1.2305258277615805,0.23339827000000013,-0.09816456650000002,-0.21300043799999901
186542.0,1.7431320375,0.17161637500000002,6.121114796999999,-0.48953692991637754,-0.5170171389890282,1.016069603987279,6.366789445111199,1.2407056733598094,0.13405690550000005,-0.07541313849999998,-0.13052651150000116
186552.0,1.7743171844999999,0.08659271949999998,6.0815939975,-0.4615575566776564,-0.4575956592756293,1.0720266051354692,6.335730843455271,1.2536627168550658,0.03118514699999997,-0.08502365550000003,-0.03952079949999909
186562.0,1.6868418664999998,0.140431228,6.052860513,-0.45009947013831364,-0.42215674881388443,1.117591915917285,6.285083675036428,1.2766430762400145,-0.08747531800000008,0.05383850850000001,-0.028733484500000017
186572.0,1.6426138750000001,0.19309293849999998,5.9511655525,-0.44770138774607343,-0.42402250578426637,1.1548965833494118,6.176717304402373,1.3092050016072627,-0.044227991499999675,0.052661710499999986,-0.10169496049999971
186582.0,1.6737009554999998,0.2362421985,5.682953674999999,-0.4461026661512466,-0.43068268220987677,1.1863386898240897,5.9290005681387585,1.3386166921401668,0.031087080499999642,0.04314926000000002,-0.26821187750000064
186592.0,1.6389854145,0.36912230599999996,5.3909116379999995,-0.4303807402492817,-0.4021727288785494,1.2145850984383657,5.646631983267046,1.34988423458446,-0.03471554099999974,0.13288010749999996,-0.29204203699999987
186602.0,1.6474191335,0.42060721849999994,5.2341033045000005,-0.40240311233981263,-0.3360893274102881,1.252689126667906,5.503338771677973,1.3579817189093044,0.008433718999999895,0.05148491249999998,-0.156808333499999
186612.0,1.6557547859999997,0.333229967,5.139469131999999,-0.3637667586884142,-0.2414959726106994,1.3083790924405412,5.409871447737881,1.3793122956928199,0.00833565249999979,-0.08737725149999992,-0.09463417250000106
186622.0,1.63182656,0.286550313,5.1682026164999995,-0.32246354193996835,-0.14530215088703194,1.371530340765452,5.427272546039979,1.4164006942151168,-0.023928225999999775,-0.046679654000000015,0.028733484500000017
186632.0,1.5097337675,0.2493831095,5.2831365545,-0.28036270972336114,-0.07921874941877062,1.4344162990440599,5.500274523833131,1.463703856053593,-0.12209279249999994,-0.037167203499999996,0.11493393800000096
186642.0,1.3085993759999999,0.20986230999999997,5.442396550499999,-0.22733786171852138,-0.0634985688460577,1.4959688257741437,5.601442200801541,1.5144759157227683,-0.20113439150000012,-0.03952079950000004,0.15925999599999852
186652.0,1.054803274,0.162005858,5.625486706,-0.15565893466836628,-0.1000038754807711,1.5580554232553379,5.725814922284004,1.5690019697210817,-0.2537961019999999,-0.047856451999999966,0.1830901555000013
186662.0,0.798653576,0.005197524499999999,5.782295039499999,-0.06506238385584462,-0.16475384540050872,1.6260028363647292,5.837192002371072,1.6356228682778327,-0.256149698,-0.1568083335,0.156808333499999
186672.0,0.5232828439999999,-0.1109132115,5.911644753,0.024736551488515633,-0.2374974232943804,1.687023037672955,5.935795680528635,1.7038379185504409,-0.27537073200000006,-0.11611073599999999,0.1293497135000008
186682.0,0.26232788749999997,-0.34440954799999995,6.031285883,0.10893821592173006,-0.32010211146202,1.7509736467952792,6.046804384118016,1.7833231923636872,-0.26095495649999995,-0.23349633649999996,0.11964112999999976
186692.0,0.034911674,-0.5730025595,6.0480552544999995,0.18754435477305068,-0.41256441924492365,1.8202544914531942,6.075238523684488,1.8758221394070569,-0.22741621349999996,-0.22859301150000005,0.016769371499999686
186702.0,-0.193779404,-0.693918554,6.015791375999999,0.25575880325799705,-0.4885054403284489,1.869814860892825,6.058780347277495,1.949424977958913,-0.228691078,-0.12091599450000001,-0.03226387850000023
186712.0,-0.45708795649999995,-0.7477570625,5.995393544,0.3106511535624707,-0.524478421541304,1.8985935949289596,6.0591099818317256,1.9940510004955796,-0.26330855249999996,-0.05383850849999994,-0.02039783199999956
186722.0,-0.7085304625,-0.845921629,5.960678003,0.35141855423055424,-0.5212809783516504,1.9009916773212,6.0619535691185025,2.0022482902710186,-0.251442506,-0.09816456650000005,-0.03471554099999974
186732.0,-0.9239825629999999,-0.9847837929999999,6.063647828,0.38925729241379137,-0.4911705580962442,1.8740787002554473,6.212195093337993,1.976092288226701,-0.21545210049999997,-0.13886216399999984,0.10296982499999974
186742.0,-1.0676499855,-1.1751308695,6.3006745585,0.4390846972289774,-0.45013612205260556,1.8391721152155607,6.49763872065223,1.9437005862796102,-0.14366742249999997,-0.19034707650000016,0.23702673050000023
186752.0,-1.2280867795000001,-1.2912416055,6.584380943,0.4942423375797543,-0.3984412149377855,1.81652297751243,6.8212590058066604,1.9242626166529408,-0.16043679400000022,-0.11611073599999999,0.2837063845000003
186762.0,-1.468643904,-1.3691064065,7.023718862999999,0.5525991664494366,-0.35554102192376486,1.8162576874661271,7.305066319722067,1.9314676399854622,-0.24055712449999977,-0.07786480100000004,0.43933791999999894
186772.0,-1.696158184,-1.4049987455,7.4774725585,0.6093555283950403,-0.3571397435185916,1.8325101934606982,7.795099096427657,1.963913584026418,-0.22751428000000007,-0.035892338999999884,0.45375369550000055
186782.0,-1.8720894849999998,-1.3739116649999998,7.894059050499999,0.6586506077883681,-0.4098993014771282,1.855960437290494,8.228518736434376,2.0115733159094518,-0.17593130099999987,0.031087080500000086,0.41658649199999953
186792.0,-1.9307332519999998,-1.2792774925000001,8.235232404,0.6932901574526995,-0.49996352686779166,1.893530394768924,8.554725860077996,2.077515854700663,-0.05864376699999996,0.09463417249999972,0.34117335350000033
186802.0,-1.8661074284999997,-1.1344332719999999,8.388412277,0.7084797579328062,-0.5892283914610417,1.9319014583740195,8.668030705543668,2.1404151255240085,0.06462582350000012,0.14484422050000023,0.1531798730000009
186812.0,-1.940343769,-0.9405558014999998,8.4985409565,0.6986203929882903,-0.6475834750014721,1.9732029297932132,8.767826272625408,2.1911103606935494,-0.07423634050000039,0.19387747050000004,0.11012867949999894
186822.0,-2.001341132,-0.877106776,8.453038100499999,0.6498576390168206,-0.6718313342994292,1.996386138247454,8.730895472495636,2.2043661006560704,-0.060997362999999805,0.06344902549999987,-0.04550285600000059
186832.0,-2.0995056985,-0.8052240315,8.227975483,0.5667206254273228,-0.6641047617008504,1.990788867336308,8.529706352963633,2.1738094939779473,-0.09816456649999994,0.07188274449999998,-0.225062617499999
186842.0,-2.1461853525,-0.7417750059999999,7.982613099999999,0.47692343541221455,-0.621736894108688,1.952684839106768,8.299304406461028,2.1040415417996696,-0.04667965400000007,0.06344902550000009,-0.24536238300000068
186852.0,-2.1342212395,-0.7382446119999999,7.658209117999999,0.3841940922537558,-0.5308733079206112,1.8791419004154828,7.984238993247777,1.9901270943038718,0.011964112999999887,0.0035303939999999923,-0.32440398199999976
186862.0,-2.0348798749999997,-0.7944367164999999,7.357733361999999,0.2967949846308877,-0.4149625016371638,1.786147267210721,7.675161628818714,1.8575799312092465,0.0993413645000003,-0.056192104500000006,-0.300475756
186872.0,-1.870912687,-0.8231702009999999,7.1326707444999995,0.2235173359859058,-0.29771826380519273,1.691019841660022,7.4197651857480045,1.7315150212970434,0.16396718799999976,-0.028733484500000017,-0.2250626174999999
186882.0,-1.686547667,-0.9118223169999998,6.962721499999999,0.17342289579516457,-0.19832874422112365,1.6102809104627642,7.2218663555485865,1.6316906576220558,0.18436502,-0.08865211599999989,-0.1699492445000006
186892.0,-1.631434294,-0.957325173,6.864556933499999,0.18088243301818832,-0.14397046466776026,1.5497947799056488,7.120406676290454,1.5669428225350241,0.055113372999999966,-0.04550285600000015,-0.0981645664999995
186902.0,-1.6207450454999999,-0.9093706545,6.805815099999999,0.2538947916168671,-0.12318533860575978,1.5439322189481999,7.0549903377089445,1.56951071661327,0.010689248500000081,0.04795451849999999,-0.05874183350000006
186912.0,-1.7559787489999998,-0.9213347675,6.899272474499999,0.3676728055543774,-0.1263827817954134,1.5703111252628421,7.178598734999556,1.6177246148843836,-0.13523370349999997,-0.011964112999999998,0.0934573744999998
186922.0,-1.8792483395,-1.167972015,7.088344686499999,0.5038364124779671,-0.17887704970764687,1.6166757968420715,7.425655751781753,1.7027885251979258,-0.12326959050000008,-0.24663724749999993,0.18907221200000013
186932.0,-2.1402032959999997,-1.385875778,7.17454514,0.6615810156024665,-0.2734704045072355,1.6443881347052374,7.614146031312638,1.793456952342685,-0.2609549564999998,-0.21790376300000003,0.08620045350000094
186942.0,-2.41439723,-1.4960044574999998,7.1565989705,0.7902833399737804,-0.3867178383521396,1.6049524202564256,7.699626753658466,1.8302925217644375,-0.27419393400000036,-0.11012867949999983,-0.017946169500000053
186952.0,-2.5808160805,-1.3594958895,6.9674286919999995,0.8640933140406206,-0.48664142868731897,1.5236811636373098,7.553403424486183,1.817988290365943,-0.16641885049999994,0.13650856799999977,-0.18917027850000068
186962.0,-2.8153911485,-1.4840403444999999,6.4418903185,0.8971341421101253,-0.5266094685579891,1.341953991261156,7.185175985230971,1.697942200422719,-0.23457506799999983,-0.12454445499999989,-0.5255383734999999
186972.0,-2.623867274,-1.2589777269999998,6.073258344999999,0.8952683851397433,-0.4325484391802587,1.1794114780229241,6.734550565090621,1.542600099883382,0.19152387449999964,0.22506261750000012,-0.3686319735000003
186982.0,-2.554436192,-0.8830888325,5.997845206499999,0.8768830867992351,-0.2191121249538721,1.0674974757265439,6.578688111335017,1.3987440551791093,0.06943108200000037,0.37588889449999974,-0.07541313850000009
186992.0,-2.602292644,-0.9058402604999999,6.477880724,0.8371803369748682,0.01857204857047166,1.0131391961731804,7.039560515893729,1.3144074210182686,-0.047856451999999994,-0.02275142799999985,0.48003551750000106
187002.0,-2.911202119,-1.170325611,6.921925836,0.8385120231941398,0.17178752228604588,1.0008817488364241,7.599856386308685,1.316957721799818,-0.3089094750000001,-0.2644853505000001,0.4440451119999995
187012.0,-3.3025855205,-1.3199750899999998,7.3253714169999995,0.9149871150287753,0.1392790196383995,0.9673068500158093,8.143124201155066,1.338761594933027,-0.39138340150000017,-0.1496494789999998,0.4034455809999997
187022.0,-3.800665274,-1.4181396564999997,7.637811285999999,1.0202409408995454,-0.04431216437888403,0.8863026287722484,8.648256347430758,1.3521787955622322,-0.4980797534999999,-0.09816456649999994,0.3124398689999994
187032.0,-4.0029764635,-1.4252985109999998,7.4786493565,1.1353523863855792,-0.2878588988606767,0.7725228695054862,8.60148200081077,1.4030963512295587,-0.2023111894999996,-0.007158854500000089,-0.15916192949999886
187042.0,-3.8437164675,-1.3307624049999998,7.003419097499999,1.2531289496394087,-0.554321806421155,0.603585469887947,8.098948321622986,1.497304327435887,0.1592599959999994,0.09453610600000006,-0.4752302590000008
187052.0,-3.3828039174999995,-1.3606726875000001,6.428749407499999,1.3581139948053715,-0.685155177809154,0.4146640503350728,7.390778812222255,1.576660240890594,0.46091255000000064,-0.029910282500000385,-0.5746696900000003
187062.0,-2.9387588054999996,-1.2589777269999998,6.042073198,1.4428497299896963,-0.5990877564055577,0.25558601566204964,6.8357864773540005,1.5830494921537943,0.44404511199999996,0.10169496050000038,-0.38667620949999915
187072.0,-2.7196782445,-1.0099868834999999,6.080417199499999,1.4910784132100556,-0.30757762874970873,0.16179202165987433,6.737076263367074,1.5310439217478706,0.21908056099999973,0.2489908434999999,0.038344001499999614
187082.0,-2.762729438,-0.9332988805,6.588009403499999,1.4948099271508195,0.07612777131348866,0.13780945240822026,7.204553327482473,1.5030780422342849,-0.043051193500000196,0.0766880029999999,0.5075922039999998
187092.0,-3.1410699949999996,-0.9093706545,7.3541049014999995,1.4924118447585792,0.3958825622543618,0.1420732917708424,8.048362231101516,1.550548592501179,-0.3783405569999996,0.023928225999999997,0.7660954980000003
187102.0,-3.7264289335,-0.6447872375,8.248373314999998,1.5107971430990874,0.5384410555572586,0.13274625224818473,9.074011545158672,1.609362714055448,-0.5853589385000002,0.264583417,0.894268413499999
187112.0,-4.2554977009999995,-0.3407810875,8.978576474,1.5619579794627974,0.45903555590852463,0.09437693397234137,9.941842280597708,1.630746263788997,-0.5290687674999996,0.30400615,0.730203159000002
187122.0,-4.458985688499999,0.013533176999999999,9.522061016999999,1.6384330712974329,0.2040307348873891,0.018434167559564108,10.514389308400112,1.6511908697765503,-0.20348798749999997,0.35431426450000003,0.5434845429999982
187132.0,-4.0747611415,0.093751574,9.778210715,1.6938577470237648,-0.08774642814401491,-0.10573728207357247,10.593671342119627,1.6994216297390015,0.38422454699999964,0.08021839700000001,0.25614969800000154
187142.0,-3.5576564869999996,0.355981395,9.788998029999998,1.6954564686185916,-0.2609476671241762,-0.2293764062848508,10.421522195170107,1.7306876834710323,0.5171046545000002,0.262229821,0.010787314999998188
187152.0,-3.1937317055,0.857493476,9.5615818165,1.6472260400689802,-0.2582825493563809,-0.30451806657096264,10.117265643528489,1.6949320798343166,0.36392478149999974,0.501512081,-0.22741621349999797
187162.0,-2.959058571,1.2238699199999998,9.4023218205,1.584874152541483,-0.09360898910146388,-0.325036157257408,9.932650241699834,1.6205669457814273,0.23467313449999994,0.3663764439999998,-0.15925999600000118
187172.0,-3.063205194,1.512381563,9.647782269999999,1.563291411011321,0.14727437294178553,-0.30984655677730133,10.234755824247944,1.6004920072946045,-0.1041466230000001,0.2885116430000001,0.24546044949999946
187182.0,-3.4570402579999997,1.768531261,10.1170304725,1.6099213726368533,0.2994234504843912,-0.29305998003161987,10.836657037484416,1.6635460260146222,-0.3938350639999997,0.256149698,0.4692482025000011
187192.0,-3.7754621834999997,1.7170463484999998,10.7982003815,1.733827532223687,0.28050408139277266,-0.3074484743850611,11.56734603705459,1.783077400332522,-0.31842192550000004,-0.05148491250000009,0.6811699089999994
187202.0,-3.9407042359999993,1.5577863524999997,11.482900684499999,1.9000998140734306,0.0771941674864572,-0.3820595545785667,12.239806220923358,1.9396669162978952,-0.16524205249999957,-0.15925999600000007,0.6847003029999996
187212.0,-3.7025007074999996,1.5793609825,11.974900315,2.0647733743283476,-0.24096190185958916,-0.5312782243070739,12.633334087099433,2.1456020779972085,0.2382035284999997,0.02157463000000015,0.4919996305000005
187222.0,-3.1422467929999995,1.7708848569999998,12.074339745999998,2.1423131170067,-0.5447294768521942,-0.7164698752484362,12.601564521388047,2.3236963606265637,0.5602539145000001,0.19152387449999986,0.09943943099999863
187232.0,-2.403609915,2.2126744394999998,11.669717367,2.0890212336263048,-0.6800919776491184,-0.8872712865071053,12.118398088211343,2.369342767196049,0.7386368779999994,0.4417895825,-0.4046223789999974
187242.0,-1.7870658295,2.6375965839999997,11.162125162999999,1.9398025638977976,-0.5082241702174808,-0.9951884848164186,11.607909293812247,2.238643766750064,0.6165440855000002,0.4249221445,-0.5075922040000016
187252.0,-1.4722723645,2.833925717,10.929903691,1.7455509088093328,-0.04404687433258089,-1.0055801751827929,11.386901052493599,2.014963918065089,0.31479346499999994,0.19632913300000032,-0.2322214719999991
187262.0,-1.7763765809999998,3.053006278,11.223122526,1.521188833465462,0.5387063456035618,-0.9456263700475357,11.765833600924385,1.870408839153311,-0.30410421649999986,0.21908056099999973,0.29321883499999934
187272.0,-2.517367055,3.03025485,11.9461668305,1.3362642178996544,0.9940906727169143,-0.8763472707188728,12.578969881818077,1.88196781707822,-0.740990474,-0.02275142799999985,0.7230443045000001
187282.0,-3.3433811845,2.786069265,12.9637048345,1.2731129695747438,1.1614293507396267,-0.8520994114209156,13.674722034845349,1.9224484848761916,-0.8260141295000003,-0.24418558499999987,1.0175380040000004
187292.0,-4.048381253,2.4688241374999995,13.8890603285,1.3461235828441707,0.9863641001183353,-0.8952648944812394,14.676187522659179,1.8937956778866047,-0.7050000684999995,-0.31724512750000056,0.9253554939999997
187302.0,-4.297470163,2.2952464325,14.395475734499998,1.494010566353406,0.5443018711854556,-1.0111774460939387,15.197569792909572,1.884359818835212,-0.24908891000000022,-0.17357770499999958,0.5064154059999986
187312.0,-4.117812335,2.418516023,14.470888872999998,1.6317711495425704,0.06493672014970103,-1.174252284754029,15.238511179065396,2.0114080367626404,0.17965782799999985,0.12326959050000008,0.07541313850000009
187322.0,-3.5935488259999997,2.7596893765,14.171589915,1.6738719817591776,-0.21111851697973807,-1.3365277626167056,14.878287513640226,2.1523765701603743,0.5242635090000003,0.3411733534999999,-0.29929895799999784
187332.0,-2.99495091,3.1295962145000003,13.8423806745,1.5824760701492426,-0.173281524125753,-1.4511068826808815,14.504330600096429,2.154058537775183,0.5985979159999997,0.36990683800000035,-0.3292092405000009
187342.0,-2.5257027075,3.493520996,13.768144334,1.381030167884057,0.1454086159714036,-1.4908096325052484,14.427254122598034,2.037376094533118,0.4692482025000002,0.36392478149999974,-0.07423634049999883
187352.0,-2.370071172,3.6360116204999997,14.124910260999998,1.1087064446953818,0.5922652643595118,-1.4724225888354883,14.776701517796843,1.9359846084070291,0.15563153549999997,0.14249062449999972,0.3567659269999979
187362.0,-2.471864199,3.584526708,14.713897659999999,0.8105343952846705,0.9402664639146612,-1.4297894311970227,15.344631917632194,1.8935059668944203,-0.10179302700000026,-0.05148491249999987,0.5889873990000005
187372.0,-2.7339959534999996,3.373879866,15.2417896295,0.5688534177732598,1.0652372743452112,-1.4039428503042386,15.848342195128431,1.8518585768052385,-0.2621317544999995,-0.21064684200000006,0.5278919695000006
187382.0,-2.9411124015,3.178727531,15.6536689295,0.46173558026135986,0.9719756057648942,-1.4223281486447468,16.241668689792565,1.78352283044219,-0.20711644800000029,-0.19515233499999995,0.4118793000000007
187392.0,-2.9662174255,3.2109914094999996,15.9468877645,0.49904024769348665,0.7545424875514406,-1.4932077148974887,16.53517889291744,1.745865061844034,-0.025105024000000142,0.03226387849999979,0.29321883499999934
187402.0,-2.7471368645,3.3726050014999998,16.1061477605,0.6000284888723826,0.509397031474821,-1.602723634801629,16.68320176499394,1.7855650569737245,0.21908056100000017,0.16161359200000014,0.15925999600000118
187412.0,-2.1821757579999996,3.710247961,16.146845358,0.652521011455364,0.36870429514230607,-1.7324906100166593,16.710728469641104,1.8876573421685972,0.5649611065000002,0.3376429595000001,0.04069759749999946
187422.0,-1.4794312189999999,4.222547357,16.182737697,0.5581946920313304,0.45263892419996543,-1.8454710084860082,16.789866654734467,1.9804611970637593,0.7027445389999998,0.512299396,0.035892339000000106
187432.0,-0.8605335375,4.78760653,16.239027868,0.2911994590489939,0.7406863186198576,-1.8926350408626509,16.951923795042894,2.0531635944177054,0.6188976814999999,0.5650591729999999,0.056290171000000555
187442.0,-0.48464464299999993,5.194582505,16.344351289,-0.06292959150990754,1.0782940824793807,-1.8441375769374844,17.156817504696974,2.137176095802709,0.3758888945,0.40697597499999993,0.10532342099999781
187452.0,-0.29674922899999995,5.164672222499999,16.40064146,-0.39654055138236366,1.2768078316012157,-1.7207654881017613,17.197178244416904,2.1791091098820456,0.18789541399999998,-0.029910282500000385,0.056290171000000555
187932.0,-0.7791383425,2.6435786404999995,8.9976994415,0.07909483104187902,-0.6750287774890829,0.21375221882099754,9.410321983058331,0.7124674405099848,-0.4823891135000001,-2.5210935819999998,-7.402942018499999
187942.0,-0.7911024555,2.1839409549999997,8.8217681405,0.045786967596819245,-0.5306062725450561,0.16498946484952798,9.122446728524386,0.5575490887600877,-0.011964112999999998,-0.4596376854999997,-0.17593130100000032
187952.0,-0.192602606,1.535132991,9.069582186,0.037259288871574946,-0.36273526910048554,0.11143054609357797,9.200600528905879,0.38128978042865264,0.5984998495,-0.6488079639999997,0.2478140455000002
187962.0,-0.215354034,1.8104056565,9.2862110845,0.09854652555535583,-0.22310892894093914,0.036020105102658975,9.463491021126291,0.24654910229772087,-0.02275142799999999,0.27527266549999996,0.21662889849999978
187972.0,-0.29076717249999995,2.3670311104999997,9.524512679499999,0.19234051955753112,-0.22817212910097467,-0.0321943433822874,9.818539790041834,0.30015641207202204,-0.07541313849999995,0.5566254539999997,0.23830159499999937
187982.0,-0.21770762999999999,2.635242988,9.8177315145,0.29466219228495066,-0.33475764119101636,-0.03379306497711421,10.16758350389953,0.44724764631968045,0.07305954249999996,0.2682118775000002,0.2932188350000011
187992.0,0.0516810455,2.7237970375,10.0499529865,0.3815289744859604,-0.4863743933117638,0.020299924529946046,10.412650779835941,0.6184953482263359,0.2693886755,0.0885540494999999,0.2322214719999991
188002.0,0.2993970245,2.8662876619999995,10.2307876125,0.45374022695797384,-0.6038839211900381,0.09251117700195945,10.628934975419519,0.7609955990030545,0.247715979,0.14249062449999972,0.1808346260000011
188012.0,0.42992353599999994,3.0063266239999997,10.39112634,0.5240874677888573,-0.6601079577137833,0.17884563378111093,10.82581824301608,0.8616240191945473,0.13052651149999994,0.1400389620000002,0.16033872749999922
188022.0,0.616642152,3.098509134,10.652179362999998,0.5853729591433862,-0.6302645728339323,0.26917514921807745,11.110802472307194,0.9013047176301685,0.18671861600000011,0.09218251000000022,0.2610530229999988
188032.0,0.7280456959999999,3.1954969024999995,11.104658193999999,0.636800830882651,-0.5279429001065127,0.3525791981831305,11.578198676604343,0.8991946924760895,0.11140354399999985,0.09698776849999957,0.4524788310000005
188042.0,0.7878662609999999,3.3271021455,11.843295072,0.656519560771683,-0.3992405757351989,0.4357144664433764,12.326961511024212,0.8833221763644638,0.05982056499999999,0.13160524300000054,0.7386368780000012
188052.0,0.8046356324999999,3.270910041,12.6369472565,0.610687214614312,-0.3043801855600551,0.526045727209595,13.07817750915494,0.8615743024083482,0.01676937150000002,-0.056192104500000006,0.7936521844999991
188062.0,0.9076054574999999,3.2457069505,13.0535337485,0.4846500080107934,-0.2569491178078572,0.6201067565873253,13.481583905396139,0.8279135637084045,0.10296982499999996,-0.025203090500000247,0.4165864920000004
188072.0,0.9901774505,3.2960150649999997,13.243880825,0.31011708281136047,-0.19219914788811956,0.7152341821380243,13.683732897093114,0.8029153459730334,0.08257199300000007,0.050308114499999945,0.19034707650000016
188082.0,0.9662492245000001,3.3283770099999996,13.270162647,0.15050672271647902,-0.09973684010521597,0.833810106189267,13.7152815414915,0.8531348100038968,-0.023928225999999886,0.03236194499999989,0.02628182199999962
188092.0,0.847686826,3.373879866,13.1253184265,0.0159435827169682,0.011910126815609304,0.9883572661241129,13.57849852164055,0.9885576030009314,-0.11856239850000005,0.04550285600000015,-0.14484422049999957
188102.0,0.7028426054999999,3.3295538079999996,12.907512729999999,-0.11302403170064879,0.16059647112225822,1.15356489713014,13.348550526689605,1.1701613692861605,-0.14484422050000012,-0.044326058000000224,-0.21780569650000103
188112.0,0.48376204449999993,3.1511708444999997,12.7087319345,-0.23346571272227348,0.33406300014872264,1.294255888133403,13.10251009501255,1.356909219901342,-0.21908056099999995,-0.17838296349999982,-0.19878079549999939
188122.0,0.15102241,2.9500364529999996,12.548393206999998,-0.3213988910962518,0.5048661567366437,1.4003090748015865,12.891380644439707,1.522843586317257,-0.33273963449999994,-0.20113439150000012,-0.160338727500001
188132.0,-0.276351397,2.6172968185,12.566339376499998,-0.3637667586884142,0.6311686533864653,1.4799816098258756,12.838983528929711,1.6495592408783473,-0.427373807,-0.33273963449999977,0.017946169500000053
188142.0,-0.7264766319999999,2.3000516909999997,12.713537192999999,-0.3621680370935873,0.6530201756214344,1.5215501166206244,12.940325886001029,1.6949087864097898,-0.4501252349999999,-0.3172451275000001,0.1471978165000003
188152.0,-1.1598324955,2.043901993,12.84278884,-0.32859313827297243,0.5365752985868767,1.522614767464341,13.056032014491834,1.647495745570885,-0.4333558635,-0.25614969799999976,0.12925164700000202
188162.0,-1.4458924759999998,1.883465199,12.854851019499998,-0.2766329411118492,0.31780874882489946,1.5084933084864551,13.072308171915841,1.5662312238894522,-0.2860599804999999,-0.160436794,0.012062179499997328
188172.0,-1.5189520184999998,1.8308034884999997,12.6393008525,-0.21641210060103688,0.05134758659367318,1.4709216056787733,12.861220108839449,1.487642813980617,-0.07305954250000002,-0.052661710500000236,-0.21555016699999818
188182.0,-1.3837183149999999,1.720674809,12.329312645999998,-0.16365254264250031,-0.18447257528954067,1.4394794992040953,12.525467995105377,1.460449764413752,0.13523370349999997,-0.11012867949999983,-0.3099882065000017
188192.0,-1.1957248345,1.6703666945,12.040801002999999,-0.08717745080786478,-0.38964824616623805,1.4285537380866107,12.21477677109904,1.4833042325399775,0.18799348049999987,-0.050308114499999945,-0.28851164299999965
188202.0,-0.95516771,1.640456412,11.795340553499999,0.027666959302614112,-0.5836328658791479,1.4586641583420168,11.947112679092813,1.571335072351847,0.2405571245,-0.02991028249999994,-0.24546044949999946
188212.0,-0.6738149214999999,1.6979233809999998,11.704432908,0.16436289164806198,-0.762694920487506,1.5569890270823694,11.846126795457485,1.7415319498485402,0.2813527885000001,0.05746696899999981,-0.09090764549999975
188222.0,-0.4523807644999999,1.7745133174999999,11.636178624,0.28666858431081665,-0.9366955202650807,1.7339200346740427,11.779397218860945,1.9914959356120894,0.22143415699999996,0.07658993650000001,-0.068254284
188232.0,-0.22133609049999997,1.951719483,11.312951439999999,0.36927152714920425,-1.0550044089407684,1.9564163530475316,11.482206621075832,2.2532111996258517,0.23104467399999995,0.17720616550000012,-0.3232271840000003
188242.0,0.025301156999999998,2.2354258675,10.9478498605,0.37779920587444854,-0.9497523283992504,2.1663881887087095,11.173772215580714,2.395412179445484,0.24663724749999996,0.2837063845000001,-0.3651015794999992
188252.0,0.536423755,2.3287851754999997,10.751520727499999,0.2781426509148244,-0.5473945946199895,2.3148074976398036,11.013908878886687,2.394856556791358,0.5111225979999999,0.0933593079999997,-0.19632913300000077
188262.0,0.7207887749999999,2.8483414925,10.775448953499998,0.07003482689477646,0.10463946997406803,2.445640869027802,11.168835474907281,2.4488800615615496,0.18436502,0.5195563170000002,0.023928225999998887
188272.0,0.5184775855,3.0888986169999995,11.2842179555,-0.21534570442806836,0.8081014063073906,2.520517239267611,11.71083637235185,2.655637175658004,-0.20231118949999993,0.24055712449999955,0.5087690020000029
188282.0,-0.1542586045,3.109296449,12.162893795499999,-0.4932666985278894,1.3682054885404027,2.5575548713241827,12.554979315213494,2.942173552763797,-0.67273619,0.02039783200000045,0.8786758399999979
188292.0,-0.9958653074999999,2.904533597,12.877504381,-0.7232242994536543,1.6426602587457633,2.522382996237993,13.23851132905275,3.0957716473754133,-0.8416067029999998,-0.204762852,0.7146105855000009
188302.0,-1.7189096119999998,2.7357611504999997,13.4114764735,-0.8998882716697724,1.6373317685394244,2.4197942881350185,13.795170913260012,3.057132417584837,-0.7230443044999999,-0.16877244650000023,0.5339720925000009
188312.0,-2.2838707185,2.6447554385,13.661644115,-1.008339540730196,1.4260265013297229,2.2977538855185666,14.10146505556111,2.886169283030769,-0.5649611065,-0.09100571199999985,0.25016764149999915
188322.0,-2.5353132245,2.4437191135,13.486889612,-1.0424467649726692,1.102274906401783,2.2122205348660806,13.939001673659535,2.6824662014586895,-0.25144250600000007,-0.20103632500000002,-0.17475450299999906
188332.0,-2.6263189364999997,2.163543123,13.130123685,-1.0118022739661527,0.8294171124619973,2.1642571416920244,13.563871791811401,2.5289692689735883,-0.09100571199999985,-0.28017599049999964,-0.3567659270000014
188342.0,-2.8381425764999997,1.897782908,12.838081648,-0.9502497472360688,0.6895254822561478,2.1149603169694444,13.284313066589231,2.418982661194222,-0.21182363999999998,-0.26576021500000024,-0.29204203699999987
188352.0,-3.1505824455,1.5434686435,12.635770458499998,-0.9262689233136666,0.6929882154921045,2.0208992875917144,13.113777498465565,2.328570530539346,-0.3124398690000003,-0.3543142644999999,-0.20231118950000138
188362.0,-3.4558634599999998,1.1687565469999999,12.623806345499998,-0.9867550538707821,0.796908609814351,1.8548940411175256,13.140375594670214,2.247082724892227,-0.3052810144999998,-0.37471209650000015,-0.011964112999999443
188372.0,-3.7993904095,0.7809035395,12.7758094205,-1.111458828925777,0.8970992355250854,1.6353281305581349,13.351647245592611,2.17127286663181,-0.3435269495000002,-0.38785300749999985,0.15200307500000143
188382.0,-4.0986893675,0.612131093,12.928989293499999,-1.2537502868531185,0.9218794202449009,1.3840548234777632,13.576918765232136,2.0826327572684087,-0.2992989579999996,-0.1687724465,0.15317987299999913
188392.0,-4.309434275999999,0.49356869449999996,12.928989293499999,-1.359536438145747,0.8302164732594107,1.1391764027766988,13.637213717867432,1.9583977113345947,-0.21074490849999972,-0.11856239850000005,0.0
188402.0,-4.3405213565,0.5043560094999999,12.737465418999998,-1.4024366311597676,0.6703390777889742,0.9204098530147217,13.46616225695993,1.8064709466682025,-0.031087080500000752,0.010787314999999964,-0.1915238745000014
188412.0,-4.221958958,0.6863674335,12.366381783,-1.4008379095649408,0.5003370273277185,0.7381503552167099,13.085237334481942,1.6605872264641706,0.11856239849999994,0.18201142400000003,-0.37108363599999805
188422.0,-4.0280814875,0.841998969,12.00726226,-1.3632662067572587,0.36310876956041227,0.6129125094106047,12.692862156115837,1.5381821976638548,0.19387747050000037,0.15563153550000008,-0.3591195230000004
188432.0,-3.8149829829999997,1.0023376965,11.601463082999999,-1.321964735338065,0.28663367772577675,0.5446980609256583,12.253681964398142,1.458233727582865,0.2130985045,0.1603387274999999,-0.40579917700000045
188442.0,-3.6569978515,1.1652261529999999,11.266271786,-1.3134388019420726,0.29142984251025716,0.5031295541309094,11.902111797052255,1.4363816302753765,0.15798513149999982,0.16288845649999995,-0.33519129699999795
188452.0,-3.6114949954999997,1.201118492,10.943044601999999,-1.3403517790078252,0.3700359813615778,0.466624247496196,11.586017732409493,1.466699596830605,0.04550285600000015,0.035892339000000106,-0.32322718400000205
188462.0,-3.5804079149999994,1.0395048999999998,10.711999928,-1.3947100585611887,0.4800859720168283,0.4146640503350728,11.342258757954284,1.5322026506371098,0.031087080500000308,-0.16161359200000014,-0.23104467399999962
188472.0,-3.5791330505,0.819247541,10.620994216,-1.4397412985918945,0.5661533934204246,0.33765663307857896,11.237743459561685,1.5834761361051508,0.001274864499999584,-0.22025735899999987,-0.0910057119999994
188482.0,-3.6402284799999993,0.6887210294999999,10.4761499955,-1.4474696165197252,0.574946362191972,0.23426856417819086,11.111944868981906,1.5749963080298486,-0.061095429499999465,-0.13052651150000005,-0.14484422049999957
188492.0,-3.6246359064999996,0.706667199,10.216371836999999,-1.427218561208835,0.5379069848061484,0.11889008331660172,10.863315216667438,1.5298469196861781,0.015592573499999762,0.017946169500000053,-0.2597781585000014
188502.0,-3.5671689375,0.727065031,9.895596315499999,-1.4019043057379093,0.49287574477544266,0.015236724369910496,10.544009874203697,1.4861003801910426,0.05746696899999959,0.020397832000000005,-0.3207755214999999
188512.0,-3.5037199119999998,0.7712930225,9.5866868405,-1.375523654094015,0.48061829743868656,-0.060171971291756506,10.235990949884547,1.4583140734883377,0.0634490255000002,0.04422799150000001,-0.3089094749999983
188522.0,-3.3600524894999997,0.7665858305,9.280229028,-1.3587370773483336,0.5136591255081912,-0.12758705897928949,9.899507936248769,1.458180578734306,0.14366742250000009,-0.004707192000000027,-0.3064578124999997
188532.0,-3.3121960374999997,0.7102956595,8.9965226435,-1.3611351597405739,0.5917329389376534,-0.19020598188234203,9.613146321040967,1.496333889761779,0.047856451999999994,-0.056290171,-0.2837063845000003
188542.0,-3.396042895,0.5737870915,8.729585630499999,-1.3661983599006093,0.6828635605012854,-0.2530901948316977,9.384455458431463,1.5481780413038917,-0.0838468575000002,-0.136508568,-0.2669370130000015
188552.0,-3.4797916859999996,0.41217349949999993,8.5201155865,-1.3590041127238888,0.7641348171204014,-0.3229033649114709,9.212557016320986,1.592187419937497,-0.08374879099999966,-0.16161359200000003,-0.2094700439999997
188562.0,-3.6450337385,0.3164605955,8.4028280525,-1.3288936924684824,0.8120982102944576,-0.404441656906142,9.164820649810254,1.6090478559965096,-0.16524205250000046,-0.09571290399999993,-0.11728753399999903
188572.0,-3.7611444744999996,0.1464132845,8.32976851,-1.2809302992944265,0.8336809518246194,-0.49210779990456516,9.140715947787,1.6056078125783468,-0.11611073599999955,-0.170047311,-0.07305954250000113
188582.0,-3.8688214915,0.060212830999999994,8.213657774,-1.2337662669177836,0.8403428735794818,-0.58110562912226,9.079404129484487,1.601886106674767,-0.10767701700000032,-0.0862004535,-0.11611073599999955
188592.0,-3.8868657274999996,0.050700380499999996,8.1166700055,-1.1890003169333812,0.850734563945856,-0.6607781641465492,8.999479301069607,1.6043998361296072,-0.018044235999999714,-0.009512450499999998,-0.09698776850000002
188602.0,-3.9059886949999996,0.023143694,8.040080069,-1.151428614125699,0.8741830624463999,-0.7252628440199836,8.938689547801221,1.6174022607290832,-0.019122967499999977,-0.027556686499999997,-0.07658993649999957
188612.0,-3.9035370325,-0.0510926465,7.903571500999999,-1.1167890644613676,0.9080232513133178,-0.7748249587888666,8.815137792119002,1.6346491232641562,0.0024516624999995074,-0.0742363405,-0.13650856800000088
188622.0,-3.9358989774999995,-0.1420983585,7.744409571499999,-1.0885444011763434,0.9554543190655157,-0.8158593948325054,8.688346926528357,1.6623623014522961,-0.03236194499999945,-0.09100571199999999,-0.15916192949999974
188632.0,-4.043674061,-0.241439723,7.65703232,-1.0688256712873114,1.0162074849981864,-0.8571608662516992,8.66254795086129,1.7058108684149231,-0.10777508350000042,-0.0993413645,-0.08737725149999953
188642.0,-4.160961595,-0.3670629095,7.546903640499999,-1.0565682239505554,1.0876193766727864,-0.8952648944812394,8.625780610100612,1.760895099563468,-0.11728753399999992,-0.12562318649999998,-0.11012867950000071
188652.0,-4.3548390655,-0.5263229054999999,7.473844098,-1.0456442081623227,1.1414453308042916,-0.9331036326644764,8.66602473389433,1.807471062719946,-0.19387747050000037,-0.15925999599999996,-0.07305954249999935
188662.0,-4.4901708355,-0.772960153,7.503754380499999,-1.024059721302909,1.16276278228815,-0.98985999461008,8.77869189190357,1.8386240533613551,-0.13533176999999963,-0.24663724750000005,0.029910282499999497
188672.0,-4.706799734,-0.889070889,7.4786493565,-0.9867550538707821,1.1491719034028702,-1.0607395608628218,8.881137707474622,1.8491754962386773,-0.21662889849999978,-0.11611073599999999,-0.025105023999999254
188682.0,-4.869590124,-0.9297684865,7.4319697025,-0.9414567784645212,1.10866979278109,-1.1436077937475124,8.933731083546492,1.8502238678230567,-0.1627903900000005,-0.040697597500000016,-0.04667965400000007
188692.0,-4.955790577499999,-0.9345737449999999,7.368520677,-0.8881648950841264,1.0604411095607307,-1.2395345800956248,8.929075276883808,1.8573686233376043,-0.08620045349999916,-0.004805258499999909,-0.06344902549999976
188702.0,-4.852918819,-0.8938761474999999,7.357733361999999,-0.835670627171893,0.9970228258602647,-1.3298658408618433,8.859236753646536,1.8603610045083803,0.10287175849999919,0.040697597500000016,-0.010787315000000852
188712.0,-4.684048306,-0.8171881445,7.379307992,-0.790372351765632,0.9272096557804915,-1.3980802893467899,8.778513053886057,1.8544634522330488,0.1688705129999999,0.0766880029999999,0.021574630000000816
188722.0,-4.510470601,-0.7454034664999999,7.348122844999999,-0.7402779115748909,0.8352796734194462,-1.436451352951885,8.654182845050501,1.8190920835929882,0.17357770500000047,0.0717846780000001,-0.0311851470000013
188732.0,-4.3501318735,-0.708236263,7.288302279999999,-0.6821881180807636,0.733490326113885,-1.4540372904949799,8.517311550349794,1.7656763942192832,0.1603387275000001,0.03716720349999991,-0.05982056499999988
188742.0,-4.207641249,-0.6388051809999999,7.137476003,-0.617438148161026,0.640228657533568,-1.4617656084228108,8.309986801009948,1.7111052845162575,0.14249062449999972,0.06943108200000003,-0.1508262769999993
188752.0,-4.048381253,-0.6520441584999999,6.959093039499999,-0.5502900958490481,0.5842716563853778,-1.4617656084228108,8.077346611771292,1.6676184371769753,0.1592599960000003,-0.013238977499999915,-0.1783829635000007
188762.0,-3.939527438,-0.6902900934999999,6.8609284729999995,-0.4892698945408224,0.5797425269764525,-1.4508398473053263,7.941581477234946,1.6371996487349894,0.1088538149999998,-0.038245935000000064,-0.0981645664999995
188772.0,-3.8928477839999998,-0.7238288365,6.8082667625,-0.45009947013831364,0.6258401631801266,-1.4415128077826687,7.87595634594967,1.634694044116388,0.04667965400000007,-0.03353874300000004,-0.05266171049999979
188782.0,-3.8784320085,-0.8711247195,6.799833043499999,-0.434911614987459,0.6927229254458014,-1.4335191998085346,7.876472722034639,1.650451592900831,0.014415775499999839,-0.14729588300000007,-0.008433719000001005
188792.0,-3.8425396695,-0.9920407139999999,6.8788746425,-0.4450362699782781,0.7675975503563581,-1.4375160037956016,7.941547219348651,1.6892943917735999,0.035892339000000106,-0.1209159944999999,0.07904159900000085
188802.0,-3.9155011455,-1.0902052805,6.8812282385,-0.4580930781124477,0.8115641395433473,-1.4455113570989877,7.99193336085654,1.7198804331433706,-0.07296147600000014,-0.09816456650000005,0.002353596000000735
188812.0,-3.8844140649999996,-1.2637829855,6.8776978445,-0.4604911605046879,0.8083666963536937,-1.4596328160768737,7.999284199417412,1.7309063471040955,0.031087080500000308,-0.17357770500000003,-0.0035303940000002143
188822.0,-3.8174346454999997,-1.4181396564999997,6.7604103105,-0.44130650136676625,0.7723954604700906,-1.4908096325052484,7.892216097162847,1.736047100707182,0.06697941949999997,-0.15435667099999972,-0.11728753399999992
188832.0,-3.7694801269999996,-1.4684477710000001,6.740012478499999,-0.3928107827708518,0.7047133374070024,-1.521719413558068,7.860857936277598,1.7223678969894543,0.0479545185000001,-0.05030811450000039,-0.020397832000001337
188842.0,-3.7036775055,-1.385875778,6.6370426535,-0.3091414437594956,0.5720142090486215,-1.5305123823296156,7.725814773936282,1.6629001293124916,0.0658026214999996,0.08257199300000018,-0.10296982499999885
188852.0,-3.5887435675,-1.4349090279999999,6.7076505335,-0.21214826123841476,0.41586832751894887,-1.5337098255192692,7.741486936724195,1.6031903129305134,0.11493393800000007,-0.04903324999999992,0.07060787999999985
188862.0,-3.5061715744999997,-1.5211094815,6.634689057499999,-0.1138233924980622,0.2741091950134654,-1.5214523781825129,7.65676903492924,1.5501319152084838,0.08257199300000018,-0.08620045350000005,-0.07296147600000058
188872.0,-3.4271299754999998,-1.5187558855,6.450324037499999,-0.039481093009363734,0.18324560882538865,-1.5161238879761743,7.460463758873292,1.5276679461031422,0.07904159899999996,0.002353595999999847,-0.18436502000000043
188882.0,-3.2571807309999996,-1.71027976,6.316267131999999,-0.0016441001553786586,0.1611305418733685,-1.5270479037644067,7.309549483699173,1.535526312044504,0.16994924450000015,-0.19152387449999986,-0.1340569054999996
188892.0,-3.143423591,-1.8072675285,6.2755695345,0.012212068776204324,0.20589474652851908,-1.547298959075297,7.247765226217691,1.560985538058356,0.1137571399999997,-0.09698776850000002,-0.04069759749999946
188902.0,-3.0572231375000003,-1.7545077515,6.316267131999999,0.01807462973365328,0.27277750879419377,-1.5742119361410496,7.233266291608683,1.5977726626253583,0.08620045349999961,0.0527597769999999,0.04069759749999946
188912.0,-2.9195377714999995,-1.6779178149999998,6.358141527499999,0.015676547341413067,0.3391262003087582,-1.6019242740042154,7.194794832156757,1.6375022789347,0.1376853660000008,0.07658993650000023,0.04187439549999983
188922.0,-2.6861395014999996,-1.6276097004999999,6.384521415999999,-0.00031066860685499063,0.39455087603509015,-1.618443815374342,7.115235236451638,1.6658423916500915,0.2333982699999999,0.050308114499999945,0.02637988850000017
188932.0,-2.4095919715,-1.5546482245,6.3030281545,-0.03335324200561164,0.4784872504220014,-1.6152463721846884,6.924682554996867,1.6849579610258794,0.27654752999999976,0.07296147599999991,-0.08149326149999947
188942.0,-2.1642295885,-1.5055169079999997,6.151025079499999,-0.07918384283373074,0.616514868986721,-1.6045893917720109,6.692202955727712,1.7207753429297221,0.2453623829999998,0.049131316500000244,-0.15200307500000054
188952.0,-1.9031765655,-1.4528551975,5.971465318,-0.12341746739627503,0.7955769235950791,-1.5915325836378413,6.433604534663907,1.7835779986859177,0.2610530230000001,0.05266171049999979,-0.1795597614999993
188962.0,-1.638691215,-1.3643011479999998,5.9307677205,-0.14952933833536217,1.003417712239572,-1.583271940288152,6.302430664043601,1.8804138281673313,0.2644853505,0.08855404950000012,-0.04069759750000035
188972.0,-1.5153235579999997,-1.2003339599999998,6.0468784565,-0.15699062088763793,1.2027308221588204,-1.5707474575758409,6.348365629722573,1.9845541214838376,0.12336765700000019,0.16396718799999999,0.11611073600000044
188982.0,-1.478254421,-1.0087120189999998,6.3246027845,-0.12448211823999156,1.3314331465301343,-1.549697041467537,6.572924497678811,2.046892997148089,0.03706913699999981,0.19162194099999996,0.2777243279999997
188992.0,-1.562003212,-0.8483732915,6.689704364,-0.022427480888127134,1.3197080246152362,-1.515589817225064,6.921830375973505,2.0097623631188686,-0.0837487910000001,0.1603387274999999,0.3651015795000001
189002.0,-1.639868013,-0.8746551135,7.136299204999999,0.13744991458230943,1.1529034173436343,-1.4713579379917716,7.374344378378046,1.874292653358251,-0.07786480100000004,-0.026281822000000066,0.4465948409999996
189012.0,-1.6003472134999999,-0.866319461,7.384015183999999,0.3234409263210852,0.8632590466581673,-1.4185983800332351,7.604952389713369,1.691819014637656,0.0395207995000002,0.008335652500000013,0.24771597899999964
189022.0,-1.3657721455,-0.9907658494999999,7.4798261544999995,0.48518407876190367,0.5427031495906288,-1.3634407396824582,7.667773459323207,1.5456069841604219,0.23457506799999983,-0.1244463884999999,0.09581097050000054
189032.0,-1.0352880405,-1.1392385305,7.278691762999999,0.594965288712347,0.28210280298759943,-1.2984237343871654,7.439693510954747,1.4558399226034224,0.33048410500000003,-0.148472681,-0.20113439150000012
189042.0,-0.793554118,-1.133256474,7.005772693499999,0.632536991520029,0.1510041415532974,-1.2307416113240774,7.141067805801027,1.3919878628249758,0.24173392250000003,0.005982056499999944,-0.27291906950000033
189052.0,-0.5731986925,-1.1068765855,6.7064737354999995,0.6077568068002134,0.15846542410557315,-1.1638588490584028,6.821328498288524,1.322515424250508,0.22035542549999998,0.02637988849999995,-0.2992989579999996
189062.0,-0.355392996,-1.190723443,6.43120107,0.5366102051719166,0.2666496577904417,-1.0881848633504325,6.550150662548517,1.2422555490394902,0.21780569649999998,-0.08384685749999998,-0.2752726654999993
189072.0,-0.29910282499999996,-1.3930346325,6.3569647295,0.44761237595422176,0.4409155476143195,-1.0015833711957258,6.514676397133965,1.1823420015761996,0.056290171000000055,-0.20231118950000004,-0.07423634050000061
189082.0,-0.4559111584999999,-1.5809300464999998,6.414431698499999,0.3993819474046104,0.5757457229893854,-0.9181810675599249,6.62209398990175,1.1550088961903076,-0.15680833349999995,-0.18789541399999976,0.057466968999999146
189092.0,-0.6259584694999999,-1.8802290045,6.5868326055,0.44628068973495005,0.5546953068810818,-0.8486349328557068,6.878477221578898,1.1077159323442136,-0.17004731099999998,-0.2992989580000003,0.172400907000001
189102.0,-0.643904639,-2.1160789369999997,6.7436409390000005,0.5768470257473939,0.40840704496667307,-0.8115955554698832,7.097118877819194,1.0762138036424236,-0.017946169500000053,-0.23584993249999964,0.15680833350000078
189112.0,-0.6271352675,-2.1675638495,6.804638302,0.7407212252048974,0.19976689552476698,-0.79534130414606,7.169012073252981,1.105053182474673,0.016769371499999908,-0.05148491250000031,0.06099736299999936
189122.0,-0.5025908124999999,-2.1064684199999997,6.768745962999999,0.9059271108816727,-0.0022113321622768156,-0.7788217627759336,7.1067382561126795,1.1946849619852753,0.12454445500000011,0.06109542950000035,-0.035892339000000995
189132.0,-0.29429756649999994,-1.988004088,6.6142912255,1.041556647054152,-0.1085298088767634,-0.7473796563012558,6.912859012541687,1.2865439437075197,0.208293246,0.11846433199999962,-0.15445473749999916
189142.0,-0.1183662655,-1.7162618164999999,6.4611113525,1.1180317388887875,-0.08268322798397937,-0.7068758003502233,6.686219044047889,1.325331989530663,0.17593130099999993,0.2717422715000002,-0.15317987300000002
189152.0,0.0767860695,-1.420591319,6.453952498,1.1257600568166184,0.09611353657807573,-0.6594464779272774,6.608893904620338,1.3082213783179024,0.195152335,0.29567049749999996,-0.007158854500000089
189162.0,0.2754687985,-1.2684901775,6.652635226999999,1.0703353810902865,0.38788895428022774,-0.6005573236357368,6.7780901331335475,1.2871459776726246,0.198682729,0.15210114149999998,0.19868272899999972
189172.0,0.37843862349999996,-1.239756693,7.093149945,0.9688130691602803,0.7225663103256524,-0.537406075310826,7.210616380854579,1.322688975373415,0.10296982499999996,0.028733484500000017,0.4405147180000011
189182.0,0.3832438819999999,-1.181112926,7.589954833999999,0.8443745841515887,1.0143417280278044,-0.4819813995844941,7.6908593797582,1.4050493404592697,0.004805258499999965,0.05864376699999996,0.496804888999999
189192.0,0.24320491999999996,-1.0135172774999999,8.1837474915,0.7305948248848263,1.1854119199912807,-0.43428504178599303,8.249853872011053,1.4586204837876666,-0.14003896199999996,0.16759564850000008,0.5937926575000008
189202.0,0.0216726965,-0.8626910005,8.675747121999999,0.6714403805469825,1.186211280788694,-0.3761969936211178,8.718560293592546,1.4140203553375736,-0.22153222349999996,0.15082627699999984,0.49199963049999873
189212.0,-0.137489233,-0.7502087249999999,8.9367020785,0.6911591104360144,1.0076815516021942,-0.3141103961399235,8.969189509656003,1.261660955384325,-0.1591619295,0.11248227550000012,0.2609549565000009
189222.0,-0.193779404,-0.6281159325,8.943860933,0.7782929280125794,0.7151050277733766,-0.25149147323687093,8.967983523118148,1.0864451406546065,-0.056290171,0.12209279249999994,0.007158854500000089
189232.0,-0.228494945,-0.4580686215,8.834909051499999,0.9277768877873896,0.38629023268540097,-0.19180470347716883,8.849726252837998,1.0231222515694596,-0.034715541000000016,0.17004731099999998,-0.10895188150000124
189242.0,-0.1207198615,-0.417371024,8.6613313465,1.0943162050126887,0.10490650534962316,-0.1379787493456637,8.67222189236985,1.10795824230385,0.10777508350000001,0.040697597500000016,-0.1735777049999978
189252.0,0.115130071,-0.41619422599999994,8.411163705,1.2720465734017754,-0.12185365238648811,-0.08495390134082399,8.422241236114857,1.2806904242853352,0.2358499325,0.0011767980000000344,-0.2501676415000009
189262.0,0.359315656,-0.267721545,8.181295829,1.382361854103329,-0.18553722613325718,-0.05031260634724054,8.19355746961701,1.3956646145541804,0.24418558499999998,0.14847268099999994,-0.22986787600000014
189272.0,0.4945493595,-0.138469898,8.113041545,1.3978167446297385,-0.07548898080725874,-0.010876891898428661,8.129280170625808,1.3998959049043498,0.13523370350000002,0.129251647,-0.068254284
189282.0,0.4443393115,0.018338435499999996,8.266319484499999,1.3344002062585247,0.1494054199584706,0.05227435642648216,8.278273463819929,1.3437553714555204,-0.05021004800000001,0.1568083335,0.1532779394999988
189292.0,0.2048609185,0.23987065899999999,8.607492837999999,1.2275476587929277,0.38362511491760565,0.12048880491142855,8.613271090892184,1.291727152115542,-0.239478393,0.2215322235,0.34117335350000033
189302.0,-0.17465643649999998,0.4241376124999999,9.070758984,1.1182987742643429,0.5176559294952582,0.16578882564694136,9.08234915266776,1.2434008784668455,-0.37951735499999995,0.18426695349999994,0.4632661460000005
189312.0,-0.37333916549999996,0.4564995575,9.446647878499999,1.05328176896905,0.46169892834706794,0.16978562963400837,9.465037248678025,1.1624953958229765,-0.19868272899999997,0.03236194500000006,0.3758888944999992
189322.0,-0.218884428,0.4109967015,9.659746383,1.0498172904038412,0.23387411976724015,0.1263513658688775,9.670963181883506,1.0829488052464415,0.15445473749999997,-0.04550285599999998,0.21309850450000134
189332.0,0.17730423199999998,0.47209213099999997,9.520884219,1.0929845187934168,-0.08747939276845978,0.07625692567813624,9.53423012531376,1.0991282551163428,0.39618865999999997,0.061095429499999965,-0.13886216400000073
189342.0,0.6908784925,0.7473647965,9.079192702999999,1.168393214455084,-0.40936697605526995,0.05893627818134452,9.136060823388545,1.239434350643546,0.5135742605,0.2752726655,-0.44169151600000056
189352.0,1.191311842,1.1149180385,8.3716429055,1.2382063845348572,-0.6262677688468653,0.09570862019161304,8.529165907324737,1.3908725710784204,0.5004333495,0.36755324199999995,-0.7075497974999987
189362.0,1.61025193,1.319582824,7.8306100249999995,1.2803072167514644,-0.6172077646997627,0.2025594223279579,8.10263311961581,1.4356748634859477,0.41894008800000004,0.2046647855000001,-0.5410328805000004
189372.0,1.6748777535,1.4620734485,7.843750935999999,1.3365312532752098,-0.3470150885277726,0.37922513987332795,8.152748187205267,1.4319731035739764,0.0646258234999999,0.14249062449999994,0.01314091099999981
189382.0,1.4318689665,1.387837108,8.5297261035,1.44604717317935,0.06413735935228762,0.6169093133976717,8.75971277932655,1.5734494363917324,-0.24300878699999995,-0.07423634049999994,0.6859751675000005
189392.0,0.8453332299999999,1.3567500275,9.845288201,1.569152226639518,0.43691874362725247,0.843669471133783,9.974219702192915,1.8343704302631274,-0.5865357365,-0.031087080500000086,1.3155620975000009
189402.0,0.003726527,1.2561337985,11.4254337155,1.668543491552839,0.6290376063697803,1.0078089606375897,11.494277776094576,2.048268682222179,-0.841606703,-0.10061622899999989,1.5801455144999998
189412.0,-0.7145125189999999,1.0598046655,12.865540267999998,1.7530121913616086,0.5443018711854556,1.0872162056155759,12.92887622557942,2.1333905755373412,-0.7182390459999999,-0.1963291330000001,1.4401065524999979
189422.0,-1.1513987765,0.9137836469999999,13.867583765,1.793247266607834,0.22428179019827935,1.0805542838607134,13.945271570512416,2.1056200134356513,-0.4368862575000001,-0.14602101850000004,1.0020434970000007
189432.0,-1.3465511114999997,1.089714948,14.2793649985,1.7812568546466327,-0.2244423604894628,1.0083430313887,14.384051700552366,2.059127491040283,-0.19515233499999973,0.17593130099999998,0.41178123350000106
189442.0,-1.3334102005,1.445304077,14.146484890999998,1.6951894332430364,-0.6550447575537478,0.9300021825836825,14.282504031474366,2.041483506812609,0.01314091099999981,0.35558912900000017,-0.1328801075000019
189452.0,-1.129922213,1.6859592679999997,13.667626171499998,1.5965992744563806,-0.94495616361477,0.8865696641478036,13.817495721897568,2.056228869492726,0.20348798749999997,0.24065519099999966,-0.4788587194999998
189462.0,-0.8042433665,1.9301448529999998,13.1349289435,1.5166597040565366,-1.0390171929925003,0.8769755892495907,13.300324240292628,2.0368847707670024,0.3256788465,0.2441855850000001,-0.5326972279999982
189472.0,-0.5984017829999999,1.9864350239999997,12.911043123999999,1.4604356675327912,-0.929234237712805,0.8974936799360361,13.07666025207733,1.9498316627506016,0.20584158350000004,0.05629017099999989,-0.2238858195000013
189482.0,-0.6713632589999999,1.7529386875,13.143264596,1.4348561220155625,-0.6950145427536699,0.9899559877189398,13.276630856815157,1.8766646379002332,-0.07296147600000003,-0.2334963364999998,0.23222147200000087
189492.0,-1.1083475829999998,1.421375851,13.804134739499998,1.422598674678806,-0.4791801461350432,1.1351778534603798,13.921310268104026,1.8820279914588975,-0.43698432399999987,-0.33156283649999985,0.6608701434999986
189502.0,-1.651832126,0.8946606795000001,14.503250818,1.3855592972929824,-0.423223144986853,1.2652118640509653,14.624406018493426,1.9234483246770382,-0.5434845430000002,-0.5267151715,0.6991160785000012
189512.0,-2.220421693,0.3643170475,15.0227090685,1.3362642178996544,-0.5564545987670921,1.3347597440844354,15.19028594736242,1.9689660624186411,-0.5685895670000001,-0.5303436320000001,0.5194582504999996
189522.0,-2.8417710369999996,0.1703415105,15.034771248,1.2837716953166731,-0.8226504709520153,1.3264991007347462,15.301928810990429,2.0209956524703134,-0.6213493439999995,-0.193975537,0.01206217950000088
189532.0,-3.295426666,0.276939796,14.7449847405,1.2256819018225458,-1.113893563232309,1.248425287305284,15.11129073107821,2.0740348822160595,-0.45365562900000045,0.10659828550000003,-0.28978650750000057
