timestamp,ax,ay,az,gx,gy,gz,acc_mag,gyro_mag,dax,day,daz
176742.0,-3.9347221794999996,1.792459487,10.272662008,1.1292227900525753,0.7790556368957009,-0.17928022076485753,11.145516334965917,1.3835509360014848,0.0,0.0,0.0
176752.0,-4.113105143,1.559061217,10.9442214,1.0623417731161524,0.7790556368957009,-0.2983902155672105,11.795095923643203,1.3507532894769434,-0.1783829635000007,-0.2333982699999999,0.6715593920000007
176762.0,-4.114281941,1.1245285555,11.476918628,0.948029688427532,0.8136969318892844,-0.44147928896271366,12.243836880484281,1.3250535648376864,-0.0011767979999994793,-0.43453266150000003,0.532697228
176772.0,-4.401616786,1.2848672829999999,11.899487176500001,0.8411771409619351,0.8147615827330009,-0.586968190079709,12.752368773267527,1.3099416305087526,-0.28733484500000017,0.1603387274999999,0.42256854850000103
176782.0,-4.761913107,1.5805377805,12.239483732,0.7401888997830391,0.7412186440417158,-0.7244634832225703,13.227958199967935,1.2736294689430068,-0.36029632099999986,0.2956704975000002,0.3399965554999991
176792.0,-4.878023842999999,1.6811540095,12.5220133185,0.6634467725728486,0.6018593392577246,-0.8214549204143992,13.543345707956576,1.2153947797164921,-0.11611073599999955,0.10061622899999989,0.2825295865000008
176802.0,-4.785841333,1.7098874939999997,12.642929313,0.6234769873729263,0.4092064057640865,-0.8856725649122785,13.626138635736224,1.157838213456559,0.09218250999999977,0.028733484499999795,0.1209159944999989
176812.0,-4.509293802999999,1.6715434925,12.607036974,0.6242763481703397,0.21202434286152314,-0.9450940446256775,13.493152689897805,1.1523359033014973,0.2765475300000002,-0.038344001499999836,-0.035892339000000106
176822.0,-4.0951589735,1.6380047495,12.492103036,0.654653803801301,0.06200631233560255,-1.0045155243390764,13.247868690459704,1.2006114376596544,0.41413482949999914,-0.033538742999999815,-0.11493393800000007
176832.0,-3.6558210535,1.7193999445,12.3268609835,0.7023501615998021,-0.002478367537831948,-1.0551422899516758,12.972003139488328,1.2675279657070242,0.43933792000000027,0.08139519500000003,-0.16524205250000001
176842.0,-3.492932597,1.9265163925,12.228696416999998,0.7655014099247129,0.03935717463247213,-1.0642022940987785,12.86285581031308,1.3115135983118427,0.16288845650000017,0.20711644799999984,-0.09816456650000127
176852.0,-3.6030612765,1.9876118219999999,12.328037781499999,0.8283873682033206,0.16885711447194737,-1.0666003764910186,12.996659834713663,1.3610197353592632,-0.11012867950000027,0.06109542949999991,0.09934136450000075
176862.0,-3.861662637,1.9600551354999998,12.695591023499999,0.8830126831322391,0.3279351491449706,-1.1254895307825594,13.413884071818105,1.4676442159182435,-0.2586013604999997,-0.027556686500000094,0.3675532419999996
176872.0,-3.6521925929999997,1.8115824544999999,13.3192939635,0.9080599032276098,0.47981893664127306,-1.2512597020105227,13.929247410105969,1.6187803562203118,0.20947004400000013,-0.14847268099999988,0.6237029400000011
176882.0,-3.7372162485,1.9396573034999998,14.229056884,0.8758166906262665,0.5696161266563814,-1.458034094482047,14.838972860382928,1.7937058922796252,-0.08502365550000013,0.12807484899999988,0.9097629205000004
176892.0,-3.7096595619999997,2.2269921485,15.1927563795,0.7681665276925084,0.5336448907727782,-1.6946536171626743,15.796864071778824,1.93564138359294,0.027556686500000094,0.28733484500000017,0.9636994955000002
176902.0,-3.3600524894999997,2.63406619,15.948064562499999,0.5976304064801423,0.3655068519526525,-1.887039515280757,16.509664464039375,2.0128774164874006,0.3496070725,0.40707404150000004,0.7553081829999986
176912.0,-2.833337318,3.1523476425,16.356315402,0.39298706102530323,0.11982732512492268,-2.00747945097313,16.896572124145454,2.049090325988408,0.5267151714999998,0.5182814525000001,0.40825083950000085
176922.0,-2.253960436,3.7652632675,16.385048886499998,0.17288882504405428,-0.13437638976954744,-2.044251792983398,16.962528471122248,2.0559457563536174,0.579376882,0.6129156249999999,0.02873348449999824
176932.0,-1.7847122335,4.3279688445,16.102519299999997,-0.040013418431222005,-0.32862804485801234,-2.011476254960197,16.76924684898638,2.038537267206673,0.46924820249999977,0.562705577,-0.2825295865000008
176942.0,-1.3297817399999998,4.585295340499999,15.630917501499999,-0.26490781919695133,-0.39817592489148235,-1.9493914028082546,16.34377051889641,2.007198809579561,0.45493049350000025,0.25732649599999924,-0.4716017984999983
176952.0,-1.013811477,4.5829417445,15.2884692835,-0.4874041375704405,-0.3251635662928036,-1.894766087879336,15.992762793742068,1.9832883466461961,0.31597026299999986,-0.0023535959999989586,-0.34244821799999947
176962.0,-0.9671318229999999,4.5864721385,15.088609756499999,-0.6837868396755904,-0.19379786948294636,-1.8702511932058237,15.79991186760999,2.000740258508702,0.04667965400000007,0.003530393999999326,-0.19985952700000098
176972.0,-1.003024162,4.506253741499999,15.107732723999998,-0.8431319097241686,-0.11199428744197214,-1.88250864054258,15.797340545552563,2.0657330222785886,-0.035892339000000106,-0.08021839700000033,0.019122967499999532
176982.0,-1.048527018,4.4487867725,15.099397071499999,-0.9654376023869233,-0.15542855120710303,-1.9152841785657815,15.77602309130757,2.1504746646490283,-0.045502855999999925,-0.057466968999999146,-0.008335652499999568
176992.0,-1.0197935335,4.5409692825,14.978481076999998,-1.0525714199634881,-0.32889508023356745,-1.9496566928545576,15.684874122849184,2.2399195940743875,0.028733484500000017,0.09218250999999977,-0.12091599450000068
177002.0,-0.840233772,4.7457321345,14.5570893265,-1.1261143586547735,-0.5577862849863638,-1.955786289187562,15.334171511488174,2.3247277469547685,0.17955976149999986,0.204762852,-0.421391750499998
177012.0,-0.495431958,4.9204866375,13.935739982499998,-1.2004584034727237,-0.7411121789573442,-1.922478425742502,14.7872069855897,2.3845903081478275,0.34480181400000004,0.17475450299999995,-0.6213493440000022
177022.0,-0.11356100699999999,5.041402632,13.357539898499999,-1.2849271032814935,-0.782413650376538,-1.8422735652963547,14.277692696660296,2.3784828505651774,0.381870951,0.12091599449999979,-0.5782000839999988
177032.0,0.16896857949999997,5.0126691475,12.857204615499999,-1.3869817406333578,-0.7141992018915916,-1.7511429437327226,13.800837398070854,2.345271936944164,0.28252958649999993,-0.028733484500000017,-0.5003352830000001
177042.0,0.45865702049999996,4.8653732645,12.6249831435,-1.4631897970924381,-0.6406562632003066,-1.690122742424497,13.537814544416852,2.3254848342557928,0.289688441,-0.14729588299999996,-0.2322214719999991
177052.0,0.5304416985,4.825950531499999,12.5675161745,-1.474380848256226,-0.633727306069889,-1.6360314982466888,13.47269942232483,2.291726041091878,0.07178467800000005,-0.03942273300000032,-0.057466969000000034
177062.0,0.522106046,4.9563789765,12.5100492055,-1.446935545768615,-0.734717292578037,-1.5371743040844779,13.466239950557545,2.2352487142954627,-0.008335652500000013,0.13042844500000061,-0.057466969000000034
177072.0,0.7244172355,5.109656916,12.356771265999999,-1.4360115299803824,-0.8703468287505163,-1.4249932664125424,13.391160153271237,2.2023257083986842,0.20231118950000004,0.15327793949999968,-0.15327793950000057
177082.0,1.0835367585,5.071312914499999,12.124549793999998,-1.4525310713505089,-0.980929144827625,-1.3088154247535397,13.187000200613502,2.1874794436711174,0.35911952299999994,-0.0383440015000005,-0.23222147200000087
177092.0,1.4534435965,5.000705034499999,11.8073046665,-1.4956982997400845,-1.0376855067732287,-1.1907718261241553,12.90472752977889,2.1752797881430443,0.3699068380000001,-0.07060787999999985,-0.3172451274999979
177102.0,1.7575478129999997,4.880965838,11.407487546,-1.5596489088624088,-1.020631894651992,-1.0697978196806723,12.53170275496707,2.1491071537478392,0.30410421649999964,-0.11973919649999942,-0.39981712049999985
177112.0,1.9705482509999999,4.6666905355,11.004041965,-1.621468470968048,-0.9417587204251162,-0.9397655544193387,12.114041461507613,2.0974338576253837,0.21300043800000013,-0.21427530249999993,-0.4034455809999997
177122.0,2.0543951085,4.488307571999999,10.713176726,-1.6715646564880413,-0.8330421613183895,-0.8078657868583713,11.795660205567527,2.0348795475237083,0.0838468575000002,-0.1783829635000007,-0.2908652390000004
177132.0,1.9741767114999997,4.2404935265,10.551563134,-1.688883558655581,-0.7419115397547577,-0.672236250685892,11.541864823645495,1.9633293112095689,-0.08021839700000033,-0.2478140454999993,-0.16161359200000014
177142.0,1.828155693,3.9185412069999996,10.525281311999999,-1.657174416805348,-0.7291217669961431,-0.5398041577030662,11.378869237562304,1.8892416805414918,-0.1460210184999997,-0.32195231950000025,-0.026281822000001398
177152.0,1.7168502154999998,3.6192422489999996,10.423488285,-1.5849631643333346,-0.8106583136615622,-0.43108759859633944,11.166718280092017,1.8316963862675777,-0.1113054775000002,-0.29929895800000006,-0.10179302699999937
177162.0,1.641437077,3.459982253,10.176851037499999,-1.5002291744782619,-0.9358961594676674,-0.3476852949605384,10.873550014061188,1.8020749877832092,-0.07541313849999987,-0.1592599959999994,-0.2466372475000007
177172.0,1.7682370614999998,3.4013384859999998,9.798608546999999,-1.436543855402241,-1.008641482690791,-0.28719741907417096,10.52181045539922,1.7786225700303808,0.12679998449999985,-0.0586437670000004,-0.3782424904999999
177182.0,1.9909460829999999,3.2996435254999996,9.451453137,-1.4024366311597676,-0.9939859529617946,-0.23470489649118945,10.206932942941002,1.734912956762115,0.22270902150000005,-0.10169496050000015,-0.34715540999999916
177192.0,2.1944340705,3.2421765565,9.1461721225,-1.3885804622281845,-0.9207083043168126,-0.17075428736886522,9.948854919420905,1.6748183508591696,0.20348798749999997,-0.05746696899999959,-0.3052810145000002
177202.0,2.385957945,3.1799043289999998,8.929543224,-1.3883134268526294,-0.8245144825931452,-0.08761727377936734,9.774524492075606,1.617069908770076,0.19152387450000008,-0.06227222750000028,-0.21662889849999978
177212.0,2.4398945199999997,3.0877218189999995,8.9367020785,-1.3696610931365663,-0.756834104859309,0.020832249951804317,9.764822340427957,1.5649930846391302,0.05393657499999982,-0.09218251000000022,0.007158854500000089
177222.0,2.4578406895000002,3.0613419305,8.860112141999998,-1.3187672921484113,-0.7717549246346086,0.1588598685165239,9.690943320400502,1.5362256645308692,0.017946169500000497,-0.026379888499999726,-0.07658993650000134
177232.0,2.485397376,2.859030741,8.724780372,-1.2393617924996774,-0.8586217068356183,0.3203359855817872,9.511732199460157,1.5413838041889434,0.02755668649999965,-0.2023111894999996,-0.13533176999999874
177242.0,2.4960866244999997,2.7058508679999997,8.409986907,-1.1564918142857348,-0.9417587204251162,0.4820791380226057,9.180411599311634,1.5674128681758617,0.01068924849999986,-0.15317987300000047,-0.3147934649999993
177252.0,2.4949098265000003,2.6615248099999995,7.976631043499999,-1.0981367307453043,-0.9382942418599075,0.6078493092505691,8.771256019564113,1.5670932156307225,-0.0011767979999994793,-0.044326058000000224,-0.433355863500001
177262.0,2.4673531399999997,2.4651956769999996,7.783930370999999,-1.0805507932022094,-0.8215840747790468,0.6875218442748583,8.52963031226697,1.5216033303642473,-0.027556686500000538,-0.19632913299999988,-0.1927006725
177272.0,2.2626883545,2.4257729439999998,7.641439746499999,-1.1173213898832257,-0.6366594592132395,0.7549369319623913,8.330410215879066,1.4911982183925336,-0.2046647854999999,-0.03942273299999988,-0.1424906245000006
177282.0,2.108233617,2.2473899805,7.612706262,-1.2119164900120667,-0.44320716492218803,0.8066300937479594,8.212716197446172,1.521783913024899,-0.15445473750000005,-0.17838296349999982,-0.02873348449999913
177292.0,1.993299679,1.9612319335,7.5839727775,-1.3259615393251318,-0.2766678476968891,0.8322113845944402,8.083088357623136,1.5897468007098796,-0.11493393799999985,-0.286158047,-0.028733484500000017
177302.0,1.819721974,1.7756901155,7.5982904865,-1.403503027332736,-0.19086746166884788,0.8447341219774995,8.012395507348552,1.6491897624255254,-0.17357770500000003,-0.18554181799999991,0.014317709000000178
177312.0,1.715575351,1.5577863524999997,7.5372931235,-1.4245534434410398,-0.19992746581595044,0.8559251731412871,7.8854730190746585,1.6738970717532946,-0.10414662299999988,-0.21790376300000025,-0.06099736300000025
177322.0,1.6042698735,1.6105461294999999,7.311053707999999,-1.399239187970114,-0.2582825493563809,0.8647198872420866,7.656307659931625,1.665028727633629,-0.11130547749999997,0.05275977700000012,-0.22623941550000026
177332.0,1.6593832464999998,1.5135583609999999,6.974685612999999,-1.3784558072373654,-0.27533616147761747,0.88337222095815,7.327390468038881,1.660209894888047,0.055113372999999743,-0.09698776850000002,-0.3363680950000001
177342.0,1.829332491,1.3052651149999999,6.4958268935,-1.3821855758488772,-0.2036572344274623,0.8977607153115912,6.873568317357593,1.6606888742856427,0.16994924450000015,-0.208293246,-0.4788587194999989
177352.0,1.934655912,1.1843491204999999,6.227615016,-1.4256198396140083,0.017505652397503124,0.885503267974835,6.6278778748989,1.678336799501532,0.10532342100000003,-0.12091599450000001,-0.26821187750000064
177362.0,1.7299911265,1.2166129989999999,6.212120509,-1.4759813151803045,0.29356088952694226,0.8684496558535985,6.56227534514081,1.7374992498914825,-0.2046647854999999,0.03226387850000001,-0.015494506999999658
177372.0,1.4510900004999998,1.211905807,6.4239441489999995,-1.5007614999001202,0.49234167402433243,0.8591226163309408,6.696374862868919,1.7979925120686295,-0.2789011260000003,-0.004707191999999916,0.21182363999999954
177382.0,1.224850585,1.123253691,6.689704364,-1.490369809533746,0.5600237970874206,0.851663079107917,6.89304738759575,1.8055909898948448,-0.22623941549999982,-0.088652116,0.26576021500000024
177392.0,0.9087822555,1.0454869565,7.016560008499999,-1.4298819336473783,0.4723576540889973,0.8508637183105037,7.151995701690879,1.7296396054336876,-0.31606832949999997,-0.07776673449999993,0.32685564449999926
177402.0,0.6190938145,1.1160948364999999,7.0979552035,-1.3320911356581362,0.2466638925258546,0.8743122168110474,7.211789854544213,1.612368358049747,-0.289688441,0.07060787999999985,0.0813951950000007
177412.0,0.4717979315,1.0813792955000001,7.021365266999999,-1.19672688953196,-0.05656961171564021,0.9180117706224814,7.119799483239519,1.5093379277351782,-0.14729588300000002,-0.03471554099999974,-0.07658993650000046
177422.0,0.475426392,0.9496759859999999,6.817779212999999,-1.0427120550189724,-0.35820613969156023,0.9832958112933294,6.900002038391734,1.4773052225933627,0.003628460499999986,-0.1317033095000002,-0.20358605400000052
177432.0,0.5508395304999999,0.8144422825,6.4071747775,-0.9006876324671858,-0.5929599054018055,1.0685621265702603,6.482177801427344,1.5181122089733088,0.07541313849999992,-0.13523370349999997,-0.4106044354999989
177442.0,0.6334115235,0.7234365705,5.961854801,-0.8036961952753569,-0.7187300766297688,1.1674210660617232,6.038897523376774,1.5891420461484895,0.08257199300000007,-0.09100571199999996,-0.44531997649999955
177452.0,0.6106600955,0.6420413755,5.541737915000001,-0.7605289668857811,-0.7360489787973086,1.2740048328225126,5.612128116734199,1.6562791801855246,-0.022751427999999962,-0.08139519500000003,-0.42011688599999975
177462.0,0.5257345065,0.5139665265,5.1574153014999995,-0.7458734371567847,-0.6766274990839096,1.3789916233177277,5.209557654334349,1.7075625475961587,-0.08492558900000002,-0.128074849,-0.3843226135000011
177472.0,0.4359055925,0.355981395,4.937157942499999,-0.740543201621194,-0.6033515957681798,1.4599958445612886,4.9691312106191905,1.7447135145116541,-0.08982891399999998,-0.1579851315,-0.22025735900000054
177482.0,0.20731258099999997,0.060212830999999994,4.801924239,-0.7112338874924533,-0.5503250024340881,1.5330064578307154,4.806774437016329,1.7773069658256517,-0.22859301150000003,-0.29576856399999996,-0.13523370349999908
177492.0,-0.10875574849999999,-0.1683801805,4.689343897,-0.6406196112860146,-0.5455288376496076,1.5910962513248426,4.693626091024736,1.799884018499954,-0.31606832949999997,-0.2285930115,-0.11258034200000022
177502.0,-0.46307001299999995,-0.4017784505,4.594807791,-0.5382996838878471,-0.5815018188624628,1.6268021971621427,4.635527844427245,1.809529304461711,-0.3543142645,-0.23339827,-0.09453610599999962
177512.0,-0.703725204,-0.5897719309999999,4.5193946525,-0.41812503824177755,-0.6478505103770272,1.6401242953426154,4.611722901301194,1.8123317951119142,-0.2406551910000001,-0.18799348049999992,-0.07541313850000009
177522.0,-0.8570031435,-0.7465802645,4.3720987695,-0.2926201570601173,-0.7171313550349421,1.6403913307181703,4.517420074508589,1.8140528257433601,-0.1532779394999999,-0.15680833350000012,-0.14729588299999996
177532.0,-0.934769878,-0.924963228,4.2212724925,-0.17777574694963844,-0.7451089829444112,1.6403913307181703,4.421367792200223,1.8104351218873562,-0.07776673450000005,-0.17838296349999994,-0.15082627700000018
177542.0,-0.934769878,-1.0973641349999999,4.065640956999999,-0.08264832139893949,-0.6998107075381504,1.6371938875285168,4.313634101408731,1.7824055646164951,0.0,-0.17240090699999988,-0.15563153550000042
177552.0,-1.017341871,-1.2661365814999999,4.037005539,-0.017098990681788447,-0.5556552379696788,1.631598361946623,4.35149400176755,1.7237048278845133,-0.08257199299999995,-0.1687724465,-0.02863541799999947
177562.0,-1.1502219785,-1.4013702849999998,4.168610782,0.026068237707787306,-0.37605911261021024,1.6209396362046937,4.545785424688685,1.6641950947571542,-0.13288010750000012,-0.13523370349999997,0.1316052430000001
177572.0,-1.4159821934999999,-1.5174810209999998,4.4978200225,0.06976779151922133,-0.24256062345441595,1.6169428322176267,4.953598608709246,1.6365229370357217,-0.2657602149999998,-0.11611073599999999,0.3292092405
177582.0,-1.7189096119999998,-1.6073099349999997,4.8426218365,0.13132206357855736,-0.20285787363004892,1.6214719616265518,5.384150976033485,1.6393804084523194,-0.30292741849999993,-0.08982891399999993,0.3448018140000002
177592.0,-2.010951649,-1.7330311879999998,5.121522962499999,0.22618245375370116,-0.2726710437098221,1.627601557959556,5.768649849714514,1.6657115092164738,-0.2920420370000001,-0.12572125300000003,0.27890112599999917
177602.0,-2.2587656945,-1.7760823814999998,5.2580315305,0.3495545425894243,-0.4048361013170927,1.6172098675931819,5.991943479728172,1.7033638492745118,-0.2478140455000002,-0.04305119349999997,0.13650856800000088
177612.0,-2.4024331169999997,-1.782064438,5.3166752975,0.4766564000366594,-0.5348701119076783,1.5724439176087792,6.100366772735006,1.7279662133076807,-0.14366742249999964,-0.005982056500000166,0.058643766999999514
177622.0,-2.426361343,-1.7664718645,5.3729654684999995,0.5941659279149336,-0.6193388117164479,1.5207490104939592,6.154381377569015,1.7462219980608742,-0.02392822600000022,0.015592573499999984,0.05629017099999967
177632.0,-2.379681689,-1.6204508459999998,5.498588655,0.6884939926682192,-0.6278664904416921,1.4738520134928714,6.206707910169345,1.7436972401872937,0.04667965400000007,0.14602101850000015,0.12562318650000037
177642.0,-2.3258431804999997,-1.4960044574999998,5.6854053375,0.7412535506267557,-0.5748398971076003,1.437081416811855,6.3222946537480915,1.7161295790730424,0.05383850850000016,0.1244463885,0.18681668249999994
177652.0,-2.30064009,-1.420591319,5.94871389,0.7593735589209608,-0.5111545780315793,1.3997750040504762,6.534387612042332,1.6725122620164667,0.025203090499999803,0.07541313849999987,0.26330855249999985
177662.0,-2.3999814544999998,-1.273295436,6.2779231305,0.7892169438008119,-0.5034280054330004,1.3659348151835582,6.840578271005258,1.6559230236840976,-0.09934136449999986,0.14729588299999996,0.3292092405
177672.0,-2.505402942,-1.13561007,6.525737176,0.8478390627167973,-0.5828335050817345,1.3384895126959475,7.081800605996762,1.6882180387945724,-0.10542148750000013,0.13768536599999992,0.2478140455000002
177682.0,-2.461076884,-0.9692892859999999,6.602327112499999,0.9155211857798855,-0.7056732684955993,1.3094454886135096,7.112464020954069,1.7466543135753403,0.04432605799999978,0.16632078400000017,0.07658993649999957
177692.0,-2.3533018004999997,-0.7513855229999999,6.5077910065,0.9744085947421742,-0.8183866315893931,1.2660112248483788,6.960887396926688,1.7949967157946958,0.10777508350000042,0.21790376299999992,-0.09453610599999962
177702.0,-2.194139871,-0.42815833899999994,6.368928842499999,1.0159771015369232,-0.8770087505053786,1.2164491100794959,6.749875846087505,1.8113813117959372,0.15916192949999974,0.323227184,-0.13886216400000073
177712.0,-2.0672418199999996,-0.1587696635,6.200156396,1.0183751839291633,-0.8634178716200988,1.1612914697287189,6.537632284188559,1.7695130160415398,0.1268980510000004,0.26938867549999995,-0.16877244649999934
177722.0,-1.5991704155,-0.3898143375,6.0193217699999995,0.9754749909151428,-0.7594974772978524,1.098140221403808,6.240315361127748,1.6535718375043476,0.4680714044999996,-0.231044674,-0.18083462600000022
177732.0,-1.2388740944999999,-0.5382870184999999,5.910467955,0.9149871150287753,-0.5564545987670921,1.0315244945136886,6.062853567701491,1.486904813341946,0.3602963210000001,-0.14847268099999994,-0.1088538149999998
177742.0,-1.1107011789999999,-0.32881697449999997,5.990588285499999,0.8267886466084938,-0.3243642054953902,0.9792972619770104,6.101551091166995,1.3220494435848569,0.12817291549999998,0.20947004399999997,0.08012033049999978
177752.0,-1.1035423245,-0.313224401,6.170148047,0.7513799509468267,-0.12052196616721643,0.948654516299746,6.275877795913698,1.2161590218016607,0.007158854499999867,0.015592573499999984,0.1795597615000002
177762.0,-1.143063124,0.0399130655,6.5436833455,0.7068810363379794,0.024167574152365482,0.9995500626171526,6.642889287382435,1.2244856874837777,-0.03952079949999998,0.3531374665,0.3735352985000002
177772.0,-1.4818828814999998,-0.000784532,7.078832236,0.6866282356978372,0.09451481498324893,1.095742139011568,7.232277878746499,1.2965501222530846,-0.3388197574999998,-0.040697597499999995,0.5351488905000004
177782.0,-2.0265442225,-0.46522747600000003,7.728816998,0.7452503546138227,0.074796085094217,1.1991302079119561,8.003619823476575,1.4138266516530311,-0.5446613410000003,-0.464442944,0.6499847619999999
177792.0,-2.5496309335,-1.1835645885,8.212480975999998,0.8579637177076165,-0.038184313375131944,1.2444284833182169,8.680223891892025,1.5120059632105565,-0.5230867109999999,-0.7183371124999999,0.4836639779999983
177802.0,-2.92434303,-1.7498005595,8.5811129495,0.9533581786338705,-0.20579002677339941,1.173016591643617,9.233043030724632,1.525519346373128,-0.37471209650000015,-0.566235971,0.3686319735000012
177812.0,-3.005738225,-2.0993095655,8.6721186615,1.001853897229785,-0.3480797393714891,1.0115404745783536,9.415264468306905,1.4656346297988574,-0.08139519499999981,-0.3495090060000001,0.09100571200000118
177822.0,-2.822550003,-2.2705336745,8.699675348,0.9869330774544856,-0.37499271643724164,0.8194198665065737,9.423718100997752,1.336452526048125,0.18318822200000007,-0.17122410900000018,0.02755668649999876
177832.0,-2.7196782445,-1.9772167729999999,8.60631604,0.9059271108816727,-0.3107750719393623,0.6496831060916213,9.239843705463876,1.1573129282567387,0.10287175850000008,0.29331690150000034,-0.09335930800000014
177842.0,-2.6082747004999995,-1.6252561044999998,8.496187360499999,0.7942801439608473,-0.2036572344274623,0.5446980609256583,9.034918593058977,0.984404994807157,0.1114035440000003,0.3519606685000001,-0.11012867950000071
177852.0,-2.4454843105,-1.5222862795,8.5332564975,0.6911591104360144,-0.08268322798397937,0.5225812486443862,9.006343069291862,0.8704186312133255,0.16279038999999962,0.10296982499999974,0.03706913700000136
177862.0,-2.4813766494999996,-1.4900224009999998,8.700852145999999,0.6706410197495691,-0.022729422848722154,0.5657484770339619,9.169636028693747,0.8776943336378704,-0.03589233899999966,0.03226387850000023,0.16759564849999897
177872.0,-2.6190620154999995,-1.6013278784999998,8.907968594,0.737789072061547,-0.06776240820867985,0.6294320507807311,9.422082640647266,0.9721672517472059,-0.13768536599999992,-0.11130547749999997,0.20711644800000073
177882.0,-2.6729985904999998,-1.9700579185,9.0671305235,0.83904609394525,-0.19699531267259998,0.6550133416272119,9.65602949442704,1.082519274049845,-0.053936575000000264,-0.3687300400000002,0.15916192949999974
177892.0,-2.7519421229999996,-2.0287016854999997,9.208444349999999,0.9331071233229804,-0.3403531667729102,0.6142441956298764,9.822640343825034,1.1678292313491,-0.07894353249999986,-0.058643766999999736,0.14131382649999935
177902.0,-2.899238006,-1.7018460409999998,9.2934680055,0.9834685988892767,-0.4264205881765066,0.5377691037952409,9.882834033411386,1.1992666976193291,-0.1472958830000004,0.32685564449999993,0.08502365550000057
177912.0,-2.9542533125,-1.389406172,9.341324457499999,0.9544245748068392,-0.46106013784083805,0.4599623257413336,9.895372896737978,1.1554514532434519,-0.05501530650000008,0.31243986899999987,0.04785645199999955
177922.0,-2.949448054,-1.122469159,9.219231665,0.8798152399425856,-0.45733036922932613,0.3834872339066981,9.74440420595786,1.0631502159262687,0.004805258500000242,0.26693701299999995,-0.12209279249999838
177932.0,-2.9889688535,-0.916529509,9.125872356999999,0.8145311992717376,-0.4072341837093329,0.3230011033495826,9.64652825758146,0.9662455525038703,-0.03952079949999998,0.20593965000000003,-0.09335930800000192
177942.0,-3.0392769679999994,-0.9812533989999999,9.244336689,0.813199513052466,-0.35394230032893803,0.2963551616593852,9.780481764251483,0.9350908949578476,-0.0503081144999995,-0.0647238899999999,0.11846433200000206
177952.0,-3.0942922744999994,-0.9728196799999999,9.44184262,0.8659590710110026,-0.3422171784140402,0.2835653889007707,9.983457060090664,0.9733483650011187,-0.05501530650000008,0.008433719000000006,0.19750593099999847
177962.0,-3.0524178789999996,-1.1260976194999999,9.5986509535,0.9440311391112128,-0.3803229519728324,0.24306153294973828,10.1350604775605,1.046383891413099,0.04187439549999983,-0.15327793950000002,0.15680833350000078
177972.0,-2.9554301105,-1.2625081209999998,9.7351595215,1.029566235092951,-0.4336148353532272,0.17751220223258726,10.251918103588865,1.1311671140124888,0.09698776849999957,-0.1364105014999999,0.136508568
177982.0,-2.876486578,-1.018322536,9.806944199499998,1.0975136482023422,-0.44986908667705044,0.09197885158010116,10.270701551152497,1.1896968152752416,0.07894353249999986,0.24418558499999987,0.07178467799999844
177992.0,-2.863345667,-0.635274787,9.762716207999999,1.12469366064365,-0.4194916310460891,0.014704398948052227,10.19377016719876,1.200468774336986,0.013140911000000255,0.38304774899999994,-0.044227991499999675
178002.0,-2.857265544,-0.38746074150000004,9.7471236345,1.1268247076603348,-0.33662165283214635,-0.039121555183452894,10.16466976154965,1.1766811611601578,0.006080122999999826,0.2478140454999999,-0.015592573499999318
178012.0,-2.9160073774999997,-0.23663446449999997,9.792626490499998,1.121229182078441,-0.22151020734611232,-0.08362046979230033,10.22030471550951,1.1459555112093542,-0.05874183349999962,0.15082627700000006,0.045502855999998815
178022.0,-2.980633201,-0.210254576,9.906383630499999,1.1119038878850356,-0.11545876600718089,-0.128653455152258,10.347213049912076,1.1252611670471762,-0.06462582350000012,0.026379888499999976,0.11375714000000059
178032.0,-3.0296664509999998,-0.4017784505,9.9446295655,1.1151013310746891,-0.05443856469895513,-0.1766168483263142,10.40365137452317,1.1303132517155348,-0.04903324999999992,-0.1915238745,0.03824593500000084
178042.0,-3.062028396,-0.4461045085,10.054758245,1.1643964104680171,-0.03418750938806493,-0.24962746159574098,10.520132627291819,1.1913444741516601,-0.032361945000000336,-0.044326058,0.11012867950000071
178052.0,-3.0608515979999997,-0.460520284,10.167338587,1.2512631926690267,-0.04298047815961236,-0.3482176203823967,10.628060283026896,1.2995239166617496,0.0011767980000003675,-0.014415775500000005,0.11258034199999933
178062.0,-3.0081898875,-0.27252680349999997,10.318164864,1.3410603826841352,-0.07122514144463658,-0.45560249326985175,10.751186140076234,1.4181289090391018,0.05266171049999979,0.18799348050000003,0.15082627700000018
178072.0,-2.9567049749999996,0.0303025485,10.389949541999998,1.4188671607380423,-0.07548898080725874,-0.555259048229476,10.802503137650149,1.5255147382719236,0.05148491250000031,0.30282935199999994,0.07178467799999844
178082.0,-3.0093666854999994,0.3978557905,10.586278674999999,1.4934782409315477,-0.025926866038375768,-0.63466454787821,11.012895770985548,1.6229444065808338,-0.05266171049999979,0.36755324199999995,0.19632913300000077
178092.0,-3.1123365104999996,0.752170055,10.945398198,1.563291411011321,0.07053224573159485,-0.7087415573206054,11.404128202498061,1.7178968037990368,-0.10296982500000018,0.35431426450000003,0.3591195230000004
178102.0,-3.1146901065,0.9448707275,11.4793702905,1.5981979960512074,0.17152223223974275,-0.7878817669230362,11.93189077295084,1.7900878161096916,-0.002353596000000291,0.1927006725,0.5339720925000009
178112.0,-3.0608515979999997,1.1411998605,11.974900315,1.5710179836098999,0.2519941280614453,-0.8691530235421522,12.412469020334813,1.8130155883873775,0.05383850850000016,0.196329133,0.49553002449999894
178122.0,-2.9063968605,1.2370108309999999,12.273022475,1.4862839937548271,0.29196216793211544,-0.9493578839882996,12.672979885511959,1.7876136074348286,0.1544547374999996,0.09581097049999987,0.29812216000000014
178132.0,-2.6633880734999997,1.2513285399999998,12.410707841,1.4018135486168055,0.3058183368636984,-1.0284963482614784,12.754808044801752,1.7653358939972064,0.2430087870000004,0.014317708999999956,0.13768536600000125
178142.0,-2.4647053445,1.235834033,12.4429717195,1.3855592972929824,0.31327961941597415,-1.0959114359490114,12.744787303231258,1.794140619266022,0.19868272899999972,-0.01549450699999988,0.032263878499998455
178152.0,-2.370071172,1.320759622,12.622531481,1.4449807770063814,0.3433900396713804,-1.154533554864997,12.910845995839587,1.8811788576774633,0.09463417250000017,0.08492558900000002,0.1795597615000002
178162.0,-2.3557534629999997,1.5039478439999998,13.051082086,1.515860343259123,0.41027280193705506,-1.2155537561732228,13.34699131307947,1.985881992068456,0.014317709000000178,0.18318822199999985,0.42855060499999986
178172.0,-2.3174094614999996,1.748133429,13.543179782999998,1.5345126769751865,0.5104616823185375,-1.2864315770967125,13.850778885409184,2.066447794517093,0.03834400150000006,0.2441855850000001,0.4920976969999984
178182.0,-2.3401608895,1.9743728445,14.086664326,1.479887362046268,0.6356995281246426,-1.3519826531431156,14.415568422758968,2.102864139406551,-0.022751428000000296,0.22623941550000004,0.5434845430000017
178192.0,-2.4132204319999997,2.141968493,14.676828523,1.3738359207073365,0.7420180048391292,-1.4095383758861324,15.02734032927894,2.103524254584894,-0.0730595424999998,0.16759564849999986,0.590164197
178202.0,-2.3964510605,2.207869181,15.233453976999998,1.237939349159302,0.7827871508364648,-1.4660277024561812,15.578054566445653,2.0723143535864863,0.016769371499999686,0.06590068800000015,0.5566254539999989
178212.0,-2.331825237,2.267689746,15.551875902499999,1.095115565810102,0.7644001071667045,-1.515589817225064,15.888381598098146,2.0200490391058215,0.06462582350000012,0.05982056499999988,0.3184219255000009
178222.0,-2.1378497,2.298874893,15.7231000115,0.9168528719991571,0.7105758983644515,-1.5699480967784274,16.033436970440466,1.9519923982453815,0.19397553700000003,0.03118514699999997,0.17122410900000062
178232.0,-1.846984461,2.4137107644999998,15.6656330425,0.753778033339067,0.6229097553660282,-1.6213759685176923,15.957738244378694,1.893424917487187,0.29086523899999994,0.11483587149999996,-0.057466969000000034
178242.0,-1.4842364775,2.6136683579999995,15.4812680225,0.6394659486504464,0.5387063456035618,-1.6637438361098547,15.770348118898108,1.8620324321747177,0.3627479834999998,0.19995759349999975,-0.18436501999999955
178252.0,-1.1119760435,2.7669462975,15.317202768,0.5541978880442634,0.5128597647107778,-1.6773329696658825,15.60478077931868,1.8394581616606789,0.3722604340000002,0.15327793950000057,-0.16406525450000053
178262.0,-0.8462158285,2.95964697,15.196286773499999,0.473991282268864,0.5472340243288061,-1.662677439936886,15.504925769505805,1.8134577696558196,0.2657602149999999,0.1927006725,-0.12091599450000068
178272.0,-0.6582223479999999,3.1702938119999997,15.178340603999999,0.3927217709790001,0.6218433591930597,-1.6392289414363423,15.519859632253352,1.7966610908059155,0.1879934805000001,0.2106468419999996,-0.017946169500000053
178282.0,-0.5181833859999999,3.2888562104999997,15.395067569,0.31944412233401814,0.6916565292728328,-1.6195102115473103,15.750974403158251,1.7897616118035122,0.140038962,0.11856239849999994,0.21672696500000121
178292.0,-0.4331597305,3.4061437445,15.567468475999998,0.2506956030979615,0.6892584468805926,-1.6112495681976213,15.941628439766655,1.770325016211972,0.0850236554999999,0.11728753400000036,0.17240090699999833
178302.0,-0.33264156799999994,3.7748737844999996,15.664358178,0.1715571388247826,0.60878655105889,-1.61711212915507,16.116216666151594,1.7364056423809409,0.10051816250000006,0.36873003999999954,0.09688970200000213
178312.0,-0.091986377,3.986795491,15.635624693499999,0.05697801876060689,0.45850148515741435,-1.5960617130467665,16.13616309215417,1.6615905327026925,0.24065519099999994,0.21192170650000053,-0.028733484500001794
178322.0,0.30184868699999995,4.0549517085,15.409385278,-0.09037489399751837,0.3015562428303282,-1.5241174959503083,15.93684098665585,1.5562897964443656,0.39383506399999996,0.0681562174999999,-0.2262394154999985
178332.0,0.6202706124999999,4.1148703399999995,14.891103825499998,-0.25105165026536835,0.19470369536473142,-1.430321756618881,15.46162561600699,1.4651814862149224,0.3184219255,0.05991863149999954,-0.5182814525000019
178342.0,0.929082021,4.119577532,14.168059520999998,-0.4085309633435647,0.17205455766160102,-1.3341296802244655,14.784046233508043,1.4058457676709721,0.3088114085000001,0.004707192000000582,-0.7230443045000001
178352.0,1.1757192685,4.0322002805,13.5287640075,-0.5534875390387017,0.24852964949623654,-1.233672019138176,14.165747790745602,1.374795291435894,0.24663724749999993,-0.08737725150000042,-0.6392955134999987
178362.0,1.2942816669999997,3.8682330925,13.054710546499999,-0.6688660199002909,0.39535023683250353,-1.139078664338587,13.677129075370413,1.3788342053677638,0.11856239849999972,-0.16396718799999954,-0.47405346100000045
178372.0,1.1649319535,3.723388872,12.658521886499999,-0.752535358911647,0.5533618753325582,-1.0522118821375774,13.246088762325966,1.4070069923050668,-0.12934971349999969,-0.1448442205,-0.39618865999999997
178382.0,0.996159507,3.4923441979999996,12.447776977999998,-0.8058272422920418,0.6567499442329462,-0.9784019080707372,12.966724854592911,1.4275672759581015,-0.1687724465,-0.2310446740000005,-0.2107449085000006
178392.0,0.8368995109999999,3.2672815805,12.311366476499998,-0.8239472505862471,0.6631448306122534,-0.9213785107495785,12.765001928573085,1.4027075597527452,-0.15925999600000007,-0.22506261749999945,-0.13641050150000034
178862.0,0.871615052,3.5079367714999994,10.324146920499999,0.7620386766887561,0.01484227995895978,0.29741981250310173,10.938617043657045,0.8181575538448025,0.03471554100000007,0.2406551909999992,-1.9872195559999994
178872.0,0.7603095744999999,3.2564942654999998,10.797023583499998,0.7332599426526217,0.10650522694444997,0.357640653013914,11.303032505171604,0.8227516900946686,-0.11130547750000008,-0.2514425059999996,0.4728766629999992
178882.0,1.097952534,3.194222038,10.921469971999999,0.7423199467997242,0.2565232574703706,0.4311853370344511,11.431844144505275,0.8959709146582095,0.3376429595000001,-0.06227222749999983,0.12444638850000089
178892.0,1.1062881864999998,3.4433109479999997,11.2973588665,0.7804239750292645,0.41586832751894887,0.5124565936535671,11.862149096799124,1.0220664396275339,0.00833565249999979,0.24908890999999977,0.37588889450000096
178902.0,1.0524496779999999,3.7617328734999997,11.785828103,0.801207355762013,0.5736129306434484,0.6046518660609155,12.416280788132871,1.1561007310176175,-0.05383850849999994,0.31842192550000004,0.4884692365000003
178912.0,0.9566387074999999,3.8287122929999997,12.4286540105,0.7607052451402325,0.711640549208168,0.7277569195210836,13.040154751841495,1.270722186464052,-0.09581097049999998,0.06697941949999997,0.6428259075000007
178922.0,0.6885248964999999,3.9149127464999998,13.2378987685,0.6749048591121912,0.7961092490169375,0.875376867654764,13.821815081633176,1.3621935125556226,-0.268113811,0.08620045350000005,0.8092447579999984
178932.0,0.3294053735,3.9675744569999996,14.0830358655,0.5733825471821852,0.7803890684442246,1.0280600159484798,14.634959998609112,1.4123321280606642,-0.35911952299999994,0.05266171049999979,0.8451370970000003
178942.0,-0.15906386299999997,3.9293285219999996,14.6947746925,0.46946215285993875,0.6522208148240211,1.1703514738758216,15.211881120021076,1.4196863303775613,-0.48846923649999996,-0.03824593499999995,0.6117388269999999
178952.0,-0.6642044045,3.7629096714999997,15.196286773499999,0.32743773030815215,0.44544467702324475,1.3233016575450927,15.66932635403566,1.4341421492931887,-0.5051405415,-0.16641885049999994,0.5015120809999996
178962.0,-1.2280867795000001,3.547457571,15.456064931999999,0.16196480925582177,0.24053604152210253,1.4429422324400518,15.90542660660908,1.4717922655278082,-0.5638823750000002,-0.21545210049999985,0.25977815849999963
178972.0,-1.802658403,3.330730606,15.447729279499999,-0.01629962988437504,0.08012457530055568,1.4946371395548719,15.905209322117493,1.496872006698713,-0.5745716234999998,-0.21672696499999988,-0.008335652499999568
178982.0,-2.243173121,3.1966737004999994,15.275328372499999,-0.20415465326428073,-0.004077089132658754,1.5012973159804823,15.76661679898223,1.5151202513581075,-0.44051471799999997,-0.1340569055000005,-0.1724009070000001
178992.0,-2.552082596,3.0589883344999995,14.9713222225,-0.3957411905849502,-0.016067501093859796,1.4666577663161509,15.492289188410327,1.5191952665844097,-0.3089094750000001,-0.13768536599999992,-0.3040061499999993
179002.0,-2.737624414,2.9392491379999997,14.669571602,-0.5622805078102492,0.01910437399232993,1.4317511812762642,15.209539898154954,1.5383223952263612,-0.18554181799999991,-0.11973919649999987,-0.3017506205
179012.0,-2.8824686345,2.7944049174999996,14.3236910565,-0.6880506790382126,0.06040759074077574,1.401640761020858,14.875666363356046,1.5625810817039802,-0.1448442205,-0.1448442205,-0.3458805455
179022.0,-2.984163595,2.6280841335,14.005171064499999,-0.7693219356573284,0.08172329689538249,1.3723297015628653,14.558738788795745,1.5753805088709878,-0.10169496050000015,-0.16632078399999983,-0.3185199920000006
179032.0,-3.0045614269999996,2.5011860825,13.7586318835,-0.7911717125630456,0.0630709631793191,1.3384895126959475,14.30326090419841,1.5561120784677898,-0.02039783199999956,-0.12689805099999996,-0.24653918099999927
179042.0,-3.028489653,2.4221444835,13.612610864999999,-0.7615953630587496,0.0031171580440618727,1.3086461278160963,14.154211671414044,1.5141307412356844,-0.02392822600000022,-0.07904159899999996,-0.14602101850000082
179052.0,-2.9507229185,2.484416711,13.393530304,-0.706703012754276,-0.08348258878139277,1.2854629193618556,13.937924742938725,1.4692901033900412,0.07776673449999993,0.06227222750000028,-0.2190805609999984
179062.0,-2.7794988095,2.6435786404999995,13.138557404,-0.6582072941583615,-0.15169703726633912,1.2774693113877216,13.687067338137961,1.4450524816545856,0.17122410899999974,0.1591619294999993,-0.2549729000000003
179072.0,-2.562869911,2.859030741,12.878779245499999,-0.629428560122227,-0.1700823356068474,1.2995861236689938,13.438947645296253,1.45397125350401,0.21662889850000022,0.21545210050000074,-0.2597781585000014
179082.0,-2.3054453484999997,3.1643117555,12.592621198499998,-0.6390226350204399,-0.10506707564080664,1.3608716150235227,13.187192869971506,1.507103371049547,0.25742456250000023,0.3052810144999998,-0.2861580470000007
179092.0,-2.0815595289999997,3.3810387205,12.335294702499999,-0.7056366165813074,0.04202054707101548,1.4501364796167724,12.958541904852394,1.613252791893381,0.22388581949999997,0.21672696499999988,-0.25732649599999924
179102.0,-1.9378921064999999,3.5461827065,12.0934627135,-0.7986329951153213,0.22374771944716906,1.56178519186685,12.75079126984398,1.768346880105612,0.14366742249999986,0.1651439859999999,-0.24183198899999958
179112.0,-1.907981824,3.6742575554999997,11.894681918,-0.8849674518944728,0.4014780878362556,1.695016645647089,12.594602858179346,1.953825344022838,0.02991028249999994,0.12807484899999988,-0.19878079549999939
179122.0,-1.9295564539999999,3.768891728,11.716397020999999,-0.9417238138400764,0.5517631537377314,1.8514295625523167,12.457997115116761,2.1492039792604074,-0.021574629999999928,0.09463417250000017,-0.17828489700000105
179132.0,-2.0481188525,3.8406764059999996,11.5870473075,-0.9638388807920966,0.663944191409667,2.0291599309414035,12.377610892083093,2.3424980902385637,-0.11856239850000017,0.07178467799999977,-0.12934971349999813
179142.0,-2.3281967765,3.9915026829999998,11.5164394275,-0.9545135865986908,0.729493522126818,2.2226122252324547,12.408906921472887,2.5265118423587984,-0.280077924,0.15082627700000018,-0.07060788000000073
179152.0,-2.8980612079999997,4.196265535,11.5750831945,-0.9265342133599698,0.7601380131333344,2.4216600451054,12.648713537950789,2.7019831275558994,-0.5698644314999997,0.20476285200000044,0.058643766999999514
179162.0,-3.6952437864999994,4.056226573,11.7570946185,-0.90921531119243,0.7747935428623308,2.588998723128112,12.974477813058213,2.8512965304448614,-0.7971825784999997,-0.1400389620000002,0.1820114240000006
179172.0,-4.509293802999999,3.5773678534999998,12.006085462,-0.9337284605366903,0.7388205616494756,2.658810147878634,13.314555174014531,2.9132415043718343,-0.8140500165,-0.47885871950000025,0.24899084349999967
179182.0,-5.1868352515,2.972787881,12.162893795499999,-1.0160661133287747,0.6431608106769184,2.58233680137325,13.552738217505565,2.848597818361213,-0.6775414485000004,-0.6045799724999998,0.156808333499999
179192.0,-5.714825287499999,2.3694827729999997,12.195157673999999,-1.1381065159452262,0.5101946469429824,2.377693455918411,13.674631526001505,2.684960184010834,-0.5279900359999994,-0.6033051080000003,0.03226387850000023
179202.0,-5.9254721295,1.8355106804999999,11.9677414605,-1.278265181526631,0.39428384065953503,2.085916292887007,13.479879638968647,2.4779968527502247,-0.21064684200000094,-0.5339720924999998,-0.22741621349999974
179212.0,-5.887128128,1.5566095545,11.535562394999998,-1.4080321567416614,0.3433900396713804,1.7579008585964446,13.04417535414131,2.278307859447051,0.0383440015000005,-0.27890112599999983,-0.4321790655000015
179222.0,-5.6249963735,1.3722445344999998,11.1824249285,-1.516748715848388,0.3852238365124324,1.4605299153123987,12.592468643831975,2.1405774232126094,0.2621317544999995,-0.1843650200000002,-0.353137466499998
179232.0,-5.2994155935,1.3531215669999999,10.837721181,-1.613474862993914,0.487545509239852,1.226575510399567,12.139643487549687,2.0845837089944683,0.3255807800000001,-0.019122967499999977,-0.34470374750000055
179242.0,-4.9750116115,1.3255648805,10.642568846,-1.6942137941911715,0.6207769630200912,1.0682968365239571,11.822526567059368,2.0968983163642405,0.32440398199999976,-0.027556686499999872,-0.1951523349999995
179252.0,-4.8074159629999995,1.3124239695,10.628153070499998,-1.7355152656103656,0.7441490518558144,0.9571821950249902,11.738455716447708,2.1170660837624755,0.16759564850000075,-0.013140911000000033,-0.014415775500001615
179262.0,-4.856449212999999,1.3830318494999998,10.759856379999999,-1.7163288611431917,0.7758581937060474,0.8684496558535985,11.88580604643229,2.0741131842515563,-0.04903324999999992,0.07060787999999985,0.13170330950000064
179272.0,-4.9283319575,1.3722445344999998,10.8939132855,-1.6422535970300485,0.6764686741219782,0.7922415993945181,12.035317096685667,1.9448016597683333,-0.07188274450000076,-0.010787314999999964,0.13405690550000138
179282.0,-4.945101329,1.2669211135,11.0639605965,-1.538066167332247,0.47955190126571795,0.7131013897920873,12.184840595708025,1.7618544642572154,-0.016769371499999686,-0.1053234209999998,0.17004731099999937
179292.0,-4.9187214405,1.1771902659999998,11.030421853499998,-1.431215365195902,0.22348242940086593,0.6153105918028449,12.134653015136852,1.5738262109294403,0.02637988850000017,-0.08973084750000027,-0.03353874300000115
179302.0,-4.798982244,1.1268821514999998,10.813792955,-1.3608681243650185,-0.0056758107274855595,0.5060599619450079,11.884368390251296,1.4519266344495374,0.11973919649999942,-0.050308114499999945,-0.216628898499998
179312.0,-4.613440426,1.0107714154999998,10.500078221499999,-1.345413233838609,-0.1429040684947917,0.3920149126319424,11.513345911430852,1.4086284230790804,0.18554181799999991,-0.11611073599999999,-0.31371473350000123
179322.0,-4.347680211,1.0083197529999999,10.076332875,-1.3776564464399519,-0.165286170822367,0.27930154953814856,11.020504350945865,1.4153678526295161,0.26576021500000024,-0.0024516624999999515,-0.42374534649999873
179332.0,-4.066425488999999,0.912606849,9.693285126,-1.446935545768615,-0.07868642399691235,0.180976680797796,10.551229504297753,1.460330985058774,0.2812547220000008,-0.09571290399999988,-0.38304774900000105
179342.0,-3.825770298,0.7701162245,9.313767771,-1.538333202707802,0.07932521450314228,0.09837373795940839,10.098310129146137,1.5435151196309416,0.2406551909999992,-0.14249062450000005,-0.37951735499999906
179352.0,-3.6485641325,0.6300772625,8.988186991,-1.6315948712881192,0.27277750879419377,0.020565214576249182,9.720932206885644,1.6543676500005153,0.17720616550000035,-0.140038962,-0.325580780000001
179362.0,-3.5324533964999993,0.4361017255,8.7380193495,-1.720859735881369,0.4752898072323478,-0.054576445709862684,9.435114936537067,1.7861235175269876,0.11611073600000044,-0.19397553699999998,-0.25016764149999915
179372.0,-3.4857737424999997,0.2050570515,8.6338727265,-1.7989335493108314,0.6634118659878087,-0.11799472941032865,9.31323924505716,1.9209893219219383,0.046679653999999626,-0.23104467399999998,-0.1041466230000001
179382.0,-3.536081857,-0.0032361944999999997,8.521292384499999,-1.8586203190705335,0.7977079706117643,-0.178215569921141,9.22585005701356,2.030410866352352,-0.05030811450000039,-0.20829324600000002,-0.11258034200000111
179392.0,-3.649838997,-0.23663446449999997,8.3681125115,-1.891395857093735,0.860326893514817,-0.23763530430528795,9.13250390522413,2.0914136821271074,-0.1137571399999997,-0.23339826999999996,-0.15317987299999913
179402.0,-3.8174346454999997,-0.43649399149999996,8.155014007,-1.885533296136286,0.8669888152696792,-0.3002542272083405,9.014853727689957,2.096916311538867,-0.16759564849999986,-0.19985952699999998,-0.21309850449999956
179412.0,-3.9155011455,-0.6927417559999999,7.853361452999999,-1.8434324639196789,0.8472700853806473,-0.36527123250363325,8.802631792389366,2.0614395261342575,-0.09806650000000028,-0.2562477644999999,-0.30165255400000124
179422.0,-4.047204455,-0.9178043735,7.5168952915,-1.7821452272358977,0.8438073521446906,-0.43108759859633944,8.58638128619749,2.0183877170050066,-0.1317033095000002,-0.22506261750000012,-0.33646616149999886
179432.0,-4.1657668535,-1.1176639005,7.2858506174999995,-1.6992752490219551,0.8419415951743086,-0.505696933460593,8.466782464001616,1.962684745478686,-0.11856239849999994,-0.19985952699999998,-0.2310446740000005
179442.0,-4.3501318735,-1.2744722339999999,7.162581027,-1.5844308389114763,0.8291518224156942,-0.5944294726319848,8.476467056528795,1.8844787676815389,-0.18436501999999955,-0.1568083334999999,-0.12326959049999964
179452.0,-4.6062815715,-1.3068341789999998,7.1458116555,-1.4344128083855556,0.7545424875514406,-0.6874241058367466,8.601643430369732,1.7605187791291244,-0.25614969800000065,-0.03236194499999989,-0.016769371499999686
179462.0,-4.673359057499999,-1.4086272059999998,7.205730287,-1.2518845298827368,0.5975954998951024,-0.7905451393615796,8.703278948464753,1.596651770118587,-0.06707748599999874,-0.10179302700000004,0.05991863149999954
179472.0,-4.6290329995,-1.4983580535,7.259568795499999,-1.0555018277775867,0.40494256640146437,-0.9008604200631332,8.739242671052542,1.4455490607246628,0.044326057999999335,-0.08973084750000027,0.05383850849999927
179482.0,-4.505763408999999,-1.4397142864999999,7.2391709634999994,-0.8639152904569172,0.20562945648221595,-1.0063795359802064,8.647559040759248,1.342174680471274,0.12326959050000053,0.05864376700000018,-0.02039783199999956
179492.0,-4.366901244999999,-1.2529956704999998,7.222401592,-0.7069700481298311,0.04015653542988554,-1.1017739969064604,8.53246209426086,1.3097042171993127,0.13886216399999984,0.18671861600000006,-0.016769371499999686
179502.0,-4.196853934,-1.074612707,7.2260300525,-0.5873277279056198,-0.07389025921243193,-1.1731858885810602,8.425193513089791,1.3140695413633898,0.17004731099999937,0.17838296349999982,0.003628460499999875
179512.0,-3.9789501709999997,-0.9644840275000001,7.222401592,-0.5060564712865039,-0.12664981717096851,-1.227544168134424,8.302129766435097,1.3337908430639427,0.21790376300000025,0.11012867949999994,-0.003628460499999875
179522.0,-3.735941384,-0.9536967125,7.171014746,-0.47274860784144407,-0.11172725206641701,-1.2731094789162396,8.14188233343289,1.362637872061655,0.2430087869999995,0.010787315000000075,-0.051386845999999764
179532.0,-3.5312765985,-0.8914244849999999,7.101583664,-0.49193501230861775,-0.017133897266828332,-1.3026875737497876,7.98104269906902,1.3925834056072686,0.20466478550000033,0.062272227500000055,-0.06943108200000037
179542.0,-3.4558634599999998,-0.8483732915,7.1314939465,-0.5476249780812528,0.14860605916105718,-1.317076068103229,7.97000222113268,1.4341081711670616,0.07541313850000009,0.04305119349999997,0.029910282500000385
179552.0,-3.4487046054999997,-0.9752713424999999,7.2858506174999995,-0.6190368697558528,0.32100793734380506,-1.3197394405417722,8.119626645851628,1.4926369059072466,0.007158854500000089,-0.12689805099999996,0.1543566709999995
179562.0,-3.476261292,-1.111681844,7.498949122,-0.7109668521168981,0.45770212436000096,-1.3375924134604222,8.339932075675517,1.5824406984148083,-0.027556686500000094,-0.13641050150000011,0.21309850450000045
179572.0,-3.5899203655,-1.1560079019999998,7.580344317,-0.7869078732004234,0.5376416947598452,-1.3543807355353559,8.466729147929104,1.6560886961869958,-0.11365907350000004,-0.04432605799999978,0.08139519499999981
179582.0,-3.651015795,-1.1068765855,7.4295180400000005,-0.8617842434402322,0.5802748523983108,-1.3602432964928046,8.351815995192487,1.7116228592249365,-0.06109542950000035,0.0491313164999998,-0.1508262769999993
179592.0,-3.6473873344999994,-1.2110232085,7.249958278499999,-0.9411897430889662,0.6468905792884304,-1.3565117825520407,8.205602148495096,1.773254006134065,0.003628460500000763,-0.10414662299999988,-0.17955976150000108
179602.0,-3.712013158,-1.3643011479999998,7.0081262895,-1.0070061091816724,0.7444160872313694,-1.3397252058063593,8.046999030519407,1.8338702903779658,-0.06462582350000057,-0.1532779394999999,-0.24183198899999958
179612.0,-3.801842072,-1.50434011,6.701668476999999,-1.0435114158163858,0.8443396775665488,-1.3277347938451582,7.8504396490005295,1.8880427031291815,-0.08982891399999993,-0.1400389620000002,-0.3064578125000006
179622.0,-4.022099431,-1.6001510805,6.525737176,-1.0405810080022873,0.9242775026371411,-1.3295988054862884,7.830901161648275,1.924819658993219,-0.2202573590000001,-0.09581097050000009,-0.17593130099999943
179632.0,-4.2255874185,-1.6229025085,6.402467585499999,-0.9918182540308176,0.9365349499738973,-1.3402575312282177,7.840981620107222,1.912352324119514,-0.20348798749999997,-0.02275142799999985,-0.12326959050000053
179642.0,-4.368078043,-1.7401900424999999,6.341372155999999,-0.8799042517344372,0.8406081636257849,-1.3756981870192146,7.894388386356915,1.8366815398273615,-0.14249062449999972,-0.11728753399999992,-0.06109542949999991
179652.0,-4.3848474145,-1.8443366654999998,6.2898872435,-0.7059036519568627,0.6556835480599777,-1.4289900703996095,7.886136323961121,1.7234365385308614,-0.016769371500000574,-0.10414662299999988,-0.051484912499999425
179662.0,-4.308159411499999,-1.8011874055,6.1822102265,-0.5023267026749919,0.4182664099111891,-1.4902755617541381,7.747531017638394,1.6273291479728178,0.076688003000001,0.043149259999999856,-0.10767701700000032
179672.0,-4.089176917,-1.7054745015,6.0349143435,-0.3051446397724286,0.17818415399460508,-1.5462325629023286,7.486668302200541,1.586095199695189,0.21898249449999962,0.09571290399999999,-0.14729588299999996
179682.0,-3.823416702,-1.655166387,5.922432068,-0.1481976521160905,0.004715879638888678,-1.5800744970984983,7.2410836651610335,1.587016130981208,0.2657602149999998,0.050308114499999945,-0.11248227549999967
179692.0,-3.500189518,-1.5666123374999998,5.814656984499999,-0.015233233711406509,-0.1210542915890747,-1.593396595278971,6.965331056404922,1.59806098218061,0.32322718399999983,0.08855404950000012,-0.10777508350000087
179702.0,-3.1721570754999995,-1.560630281,5.659025449,0.04898441078647285,-0.1607570414134417,-1.5864693834778056,6.67253448234241,1.5953455436288873,0.3280324425000005,0.005982056499999944,-0.15563153549999953
179712.0,-2.9255198279999997,-1.5714175959999999,5.5608608825,0.06550569748585118,-0.13277766817472061,-1.5558266378005414,6.476974083594765,1.5628555379364917,0.24663724749999982,-0.010787314999999964,-0.0981645664999995
179722.0,-2.796268181,-1.7078280975,5.378947524999999,0.06630505828326458,-0.06962641984980979,-1.515856852600619,6.298322715405042,1.5189029582798579,0.1292516469999998,-0.13641050150000011,-0.18191335750000093
179732.0,-2.7196782445,-1.8886627235,5.231651641999999,0.07536331710111514,0.007648032782239152,-1.4785521851684922,6.19143566065144,1.4804913664849397,0.07658993650000001,-0.180834626,-0.14729588299999996
179742.0,-2.6777057825,-1.978393571,5.1550617055,0.10414205113724964,0.08572010088244951,-1.467626424051008,6.136677485978926,1.4738116647262363,0.04197246199999993,-0.08973084750000004,-0.07658993649999957
179752.0,-2.602292644,-2.0298784835,5.105930389,0.1510390481383373,0.15340222394553762,-1.4849470715477995,6.079708775928865,1.5004708733168923,0.07541313850000009,-0.05148491250000009,-0.04913131649999958
179762.0,-2.4454843105,-1.9365191755,5.0844538255,0.2016675590801888,0.1952360207865897,-1.5131917348328237,5.9650792730375715,1.5390049170045927,0.1568083334999999,0.09335930800000014,-0.021476563500000267
179772.0,-2.1916882085,-1.9257318604999998,5.092789477999999,0.26188839959100113,0.1976358485080819,-1.533976860894824,5.869279774303679,1.5686715628889891,0.2537961019999999,0.010787315000000186,0.008335652499999568
179782.0,-1.9031765655,-1.9018036344999998,5.16222056,0.3354313382822862,0.16699135750156546,-1.5265155783425486,5.82129360312229,1.5718301775651677,0.2885116430000001,0.023928225999999997,0.06943108200000037
179792.0,-1.710475893,-1.8059926639999997,5.1766363355,0.4246962028755362,0.12009436050047781,-1.495605797289729,5.743248299784263,1.5593672502164342,0.1927006725,0.09581097050000009,0.014415775499999839
179802.0,-1.4794312189999999,-1.7066512994999998,5.2615619245,0.5126293812495145,0.09451481498324893,-1.4553689767142515,5.725854458086147,1.545904522004469,0.23104467400000006,0.09934136449999986,0.08492558900000002
179812.0,-1.2723147709999998,-1.6109383954999998,5.413663066,0.5813761551563191,0.1262239568334819,-1.4055415718990654,5.7897888720378585,1.526262700651346,0.20711644800000006,0.09571290399999999,0.1521011415000002
179822.0,-1.133452607,-1.5114989644999999,5.6877589335,0.6237440227484815,0.2109579466885546,-1.3501168961727334,5.993325088597207,1.502123661526109,0.13886216399999984,0.09943943099999997,0.2740958674999998
179832.0,-1.038916501,-1.4648193105,6.0193217699999995,0.6376001916800644,0.3175434587785963,-1.2941598950245434,6.281502820126701,1.477233118547464,0.09453610599999984,0.04667965399999985,0.33156283649999985
179842.0,-0.9276110234999999,-1.4181396564999997,6.340195358,0.614684018601379,0.42865810027756335,-1.2453971410530738,6.562747859994425,1.4534779835280203,0.1113054775000002,0.04667965400000029,0.32087358800000043
179852.0,-0.7839436009999999,-1.355867429,6.458659689999999,0.5488676525086728,0.5411044279958019,-1.1992995048493995,6.645842989854846,1.425611799999937,0.14366742249999997,0.06227222749999983,0.1184643319999994
179862.0,-0.5995785809999999,-1.273295436,6.453952498,0.4497434229709068,0.6727371601812143,-1.1460058761397527,6.605624768980814,1.4029162132291133,0.18436502,0.08257199299999995,-0.004707191999999694
179872.0,-0.400895852,-1.1608131605,6.2528181064999995,0.3399622130204635,0.836878395014273,-1.0924469573838027,6.372278944829318,1.4175260523251643,0.19868272899999995,0.1124822754999999,-0.20113439150000012
179882.0,-0.25124637299999997,-1.099717731,6.0253038265,0.23390902635228003,1.0364585403090767,-1.0367569916111676,6.129991030128592,1.4845284766697244,0.14964947900000003,0.06109542950000013,-0.2275142799999994
179892.0,-0.24408751849999996,-1.0470560205,5.9188036075,0.16462992702361715,1.261619976450361,-0.9749374295055285,6.015657999829096,1.602900798334463,0.007158854500000006,0.052661710500000014,-0.10650021899999995
179902.0,-0.4343365285,-1.123645957,6.113955942499999,0.15077375809203414,1.4673279727489168,-0.8989964084220032,6.231507500075959,1.7274196502576618,-0.19024901000000002,-0.07658993650000001,0.19515233499999862
179912.0,-0.703725204,-1.2673133795,6.6394943159999995,0.21312564561953157,1.5323449780442093,-0.8323806815318836,6.795895609616208,1.7568042780985973,-0.26938867550000006,-0.14366742250000009,0.5255383735000008
179922.0,-1.037739703,-1.355867429,7.2296585129999995,0.35887983678283003,1.380195900501604,-0.7945419433486466,7.428542413609749,1.632492683215134,-0.3340144989999999,-0.0885540494999999,0.590164197
179932.0,-1.283102086,-1.4397142864999999,7.7683377975,0.545403173943464,1.0436527874857973,-0.783350892184859,8.004136450980637,1.4143247092734021,-0.24536238300000002,-0.08384685749999998,0.5386792845000006
179942.0,-1.3322334025,-1.5330735944999998,8.1598192655,0.726065695475901,0.6282382455723668,-0.799338108133127,8.408793666782104,1.2493182534729075,-0.04913131650000002,-0.09335930799999992,0.3914814679999994
179952.0,-1.2448561509999998,-1.4265733754999999,8.2794603955,0.870755235795483,0.2559909320485123,-0.8281168421692615,8.493188027650218,1.2286266895362083,0.0873772515000002,0.10650021899999995,0.11964112999999976
179962.0,-1.1155064375,-1.1608131605,8.143049893999999,0.9466962568790083,0.014308209207849512,-0.8475685366827383,8.300668851476207,1.270752120601803,0.1293497134999999,0.2657602149999998,-0.13641050150000034
179972.0,-0.8138538834999999,-1.007535221,7.956233211499999,0.9466962568790083,-0.04031536039181702,-0.8358451600970924,8.060963483419282,1.26352533125774,0.301652554,0.15327793950000013,-0.18681668249999994
179982.0,-0.5181833859999999,-1.0015531645,7.7587272805,0.9013979814727474,0.07266329274827991,-0.7873476961719259,7.840246920602776,1.1990474009743755,0.29567049749999996,0.005982056499999944,-0.19750593099999936
179992.0,-0.4763089905,-1.0470560205,7.8138406535,0.8473067372949392,0.26798134400971335,-0.7196673184380898,7.898056870065303,1.1435312663108599,0.04187439549999994,-0.045502855999999925,0.05511337300000019
180002.0,-0.566039838,-1.0554897395,7.945445896499999,0.807336952095017,0.47368934030826904,-0.6557149639865136,8.035208160502222,1.1428633598709819,-0.08973084750000004,-0.008433719000000117,0.1316052429999992
180012.0,-0.6474350329999999,-0.9932175119999999,8.259160629999998,0.7593735589209608,0.6333014457324024,-0.6037547668253904,8.343823311902113,1.1585502758272592,-0.08139519499999992,0.062272227500000166,0.31371473349999945
180022.0,-0.7767847465,-0.808852492,8.6134748945,0.7271320916488696,0.7124399100055814,-0.557391840575413,8.686172152012153,1.1605935412600172,-0.12934971350000002,0.18436501999999988,0.35431426450000103
180032.0,-0.8377821095,-0.49641262299999994,8.95347145,0.721801856113279,0.6884590860831792,-0.5102278081987702,9.006273111628202,1.1204045023822342,-0.06099736300000003,0.31243986900000004,0.33999655550000085
180042.0,-0.831800053,-0.4113889675,9.173728808999998,0.7311288956359366,0.5738799660190035,-0.45906697183506057,9.220544044243162,1.0366437006327724,0.005982056499999944,0.08502365549999996,0.22025735899999788
180052.0,-0.7181409795,-0.557409986,9.2491419475,0.7556420449801969,0.4012127977899525,-0.41510038264807136,9.2937107295167,0.9509337184719399,0.11365907350000004,-0.14602101850000004,0.07541313850000186
180062.0,-0.56486304,-0.6447872375,9.1449953245,0.779624614231851,0.2186862646163855,-0.3919171741938307,9.185083577231499,0.8995761740264733,0.15327793950000002,-0.08737725149999997,-0.1041466230000001
180072.0,-0.357746592,-0.6663618674999999,8.898358077,0.7945471793364026,0.09957626981403249,-0.37220018963405077,8.93044216313262,0.883036598825402,0.207116448,-0.021574629999999928,-0.2466372475000007
180082.0,-0.22967174299999998,-0.57663102,8.570423701,0.7966782263530876,0.096645861999934,-0.34715296953868013,8.592870001194095,0.8743865296574139,0.128074849,0.08973084749999993,-0.32793437599999997
180092.0,-0.1315071765,-0.4437509125,8.4051816485,0.7889499084252567,0.21761986844341696,-0.3074484743850611,8.41791467966365,0.8742567869609321,0.0981645665,0.1328801075,-0.16524205250000001
180102.0,-0.20456671899999998,-0.274978466,8.512956732,0.7854871751893,0.4174670491137757,-0.24403193601384715,8.519852875501446,0.9223992764943476,-0.07305954249999999,0.1687724465,0.10777508349999998
180112.0,-0.3864800765,-0.26419115099999996,8.93189682,0.7932137477878789,0.6135827158433705,-0.16089492242434927,8.944157009854214,1.015656917922266,-0.1819133575,0.01078731500000002,0.41894008800000115
180122.0,-0.6187015484999999,-0.41619422599999994,9.566387075,0.8097350344872571,0.7185695063385854,-0.07775790883485137,9.59540363448037,1.0853843807159411,-0.23222147199999993,-0.152003075,0.6344902549999993
180132.0,-0.878479707,-0.42217628249999994,10.176851037499999,0.8267886466084938,0.6908571684754194,-0.02553242162742505,10.223417063222117,1.0777360520780306,-0.2597781585000001,-0.005982056499999999,0.610463962499999
180142.0,-0.9658569584999999,-0.5394638165,10.6114817655,0.8385120231941398,0.5341772161946365,-0.0020839231268812296,10.668994616791904,0.9942092607083177,-0.08737725149999986,-0.11728753400000003,0.4346307280000019
180152.0,-0.8940722805,-0.6328231245,10.813792955,0.8513035412820061,0.3116808978211474,0.0053773594253945295,10.869128227381811,0.9065823831623195,0.07178467799999988,-0.09335930800000003,0.2023111894999996
180162.0,-0.8736744485,-0.4916073645,10.775448953499998,0.8715545965928964,0.09451481498324893,-0.005014330940979709,10.821981564957344,0.876678737399459,0.020397832000000005,0.14121576000000002,-0.03834400150000228
180172.0,-0.829446457,-0.17553903499999998,10.562350448999998,0.8843443693515107,-0.06776240820867985,-0.00554665636283798,10.596322115966892,0.8869540421954051,0.04422799150000001,0.31606832949999997,-0.21309850449999956
180182.0,-0.8377821095,0.11532620399999999,10.345721550499999,0.9027296676920191,-0.16102407678899686,0.018167132184008974,10.380228003122447,0.9171584655493745,-0.008335652500000013,0.29086523899999994,-0.21662889849999978
180192.0,-0.8917186844999999,0.3284247085,10.203230926,0.9336394487448387,-0.1900681008714345,0.05893627818134452,10.247387292901665,0.9546109092752444,-0.05393657499999993,0.2130985045,-0.14249062449999883
180202.0,-0.9598749019999999,0.4002093865,10.2547158385,0.9640169043757999,-0.16102407678899686,0.09943838880312493,10.307314117116785,0.9824181077300084,-0.0681562175,0.07178467799999999,0.051484912499999425
180212.0,-1.0892246155,0.40981990349999997,10.472619601499998,0.9871983675007887,-0.11386004441235408,0.13194689145077132,10.53708327451377,1.0024643179052943,-0.12934971350000013,0.009610516999999985,0.21790376299999892
180222.0,-1.2304403755,0.5594693824999999,10.781431009999999,0.989863485268584,-0.093874279147767,0.13301328762373985,10.865829196660744,1.003162317094326,-0.1412157599999999,0.14964947899999992,0.30881140850000044
180232.0,-1.3741077979999998,0.730595425,11.061508934,0.9610847512324495,-0.1543621550341345,0.09917309875682179,11.17044859495433,0.9784410444555931,-0.14366742249999986,0.17112604250000008,0.2800779240000022
180242.0,-1.3800898544999998,0.9843915269999999,11.068765855,0.9088592640250232,-0.31024274651750405,0.038418187494899184,11.197823549142802,0.9611200136825913,-0.005982056499999944,0.2537961019999999,0.00725692099999975
180252.0,-1.1969016325,1.2836904849999997,10.714353524,0.8518358667038645,-0.5151513820186463,-0.04178667295124824,10.857154609584038,0.9963691164599492,0.18318822199999985,0.29929895799999984,-0.3544123310000007
180262.0,-0.7228481714999999,1.31605243,10.064368762,0.8134648030987691,-0.716864319659387,-0.12758705897928949,10.175756583914104,1.0917407642385712,0.474053461,0.032361945000000336,-0.649984761999999
180272.0,-0.0130428445,1.2322055725,9.410755539499998,0.827055681984049,-0.8604874638060004,-0.2021963938435431,9.49109163968627,1.2105135927170403,0.7098053269999999,-0.08384685749999998,-0.6536132225000024
180282.0,0.6705787269999999,1.2238699199999998,8.918755909,0.9104579856198499,-0.9257715044768482,-0.23230681409894927,9.027277572696441,1.3190728099529174,0.6836215714999999,-0.008335652500000235,-0.49199963049999873
180292.0,1.1278628165,1.2717263719999998,8.813432487999998,1.0311649566877779,-0.9081838216045014,-0.18007958156227094,8.975853982692534,1.3858310421623214,0.4572840895000001,0.047856451999999994,-0.10532342100000136
180302.0,1.3589074904999998,1.1687565469999999,9.1342080095,1.148941519941607,-0.8101259882397039,-0.037789868964181225,9.308403590020488,1.4063423506612525,0.23104467399999984,-0.10296982499999996,0.32077552150000166
180312.0,1.283494352,1.119723297,9.660923181,1.2192870154432387,-0.6475834750014721,0.14447137416308262,9.809922258746171,1.3881272135780756,-0.07541313849999987,-0.04903324999999992,0.5267151714999994
180322.0,0.9207463684999999,1.020283866,10.367198114,1.204099160292384,-0.45972845162156634,0.3147404599998934,10.45789413683515,1.3267503888102434,-0.36274798350000004,-0.09943943099999997,0.7062749330000013
180332.0,0.5137703935,0.800026507,11.004041965,1.1055090015057283,-0.31104210731491744,0.4287872546422109,11.045041511765398,1.225869428070013,-0.40697597499999993,-0.22025735899999999,0.6368438510000001
180342.0,0.18809154699999997,0.534266292,11.487705942999998,0.9669473121898985,-0.1980617088455685,0.45863063952206196,11.501661042373739,1.0883738367723248,-0.3256788465,-0.265760215,0.4836639779999974
180352.0,-0.0034323275,0.406191443,11.830056094499998,0.8395784193671083,-0.15409511965857936,0.41599573655434446,11.837027940672229,0.9495734205425905,-0.19152387449999997,-0.128074849,0.3423501514999998
180362.0,0.030106415499999997,0.450517501,11.9234154025,0.7516452409931299,-0.20978683076046642,0.34724896264753985,11.931961585403123,0.8541445572781773,0.033538742999999996,0.044326058,0.09335930800000192
180372.0,0.29822022649999996,0.6252720039999999,11.737873584499999,0.7151399343584165,-0.32569763704391386,0.30115132644386555,11.75829820459503,0.841543937004509,0.268113811,0.17475450299999995,-0.1855418180000008
180382.0,0.6106600955,0.9843915269999999,11.418274860999999,0.7228682522862474,-0.4466716434873968,0.31101069138838155,11.47688691379374,0.9048655797503765,0.31243986900000004,0.35911952299999994,-0.3195987235000004
180392.0,0.8920128839999999,1.447657673,10.9478498605,0.7785582180588825,-0.5274088293554025,0.395212355821596,11.079116223393797,1.020051850830689,0.2813527884999999,0.46326614600000005,-0.4704250004999988
180402.0,1.0033183614999999,1.630845895,10.6736559265,0.8843443693515107,-0.5196822567568236,0.5415006177360047,10.844041539254171,1.1598954826190424,0.11130547749999997,0.18318822200000007,-0.2741939339999995
180412.0,0.8165997454999999,1.5554327565,10.783784606,1.0186422193047184,-0.43947739631067617,0.6989799308142011,10.92594236818712,1.3112380777338182,-0.18671861599999995,-0.07541313850000009,0.11012867949999894
180422.0,0.33774102599999994,1.4285347055,11.221945728,1.1662621674383988,-0.31983507608646483,0.8511290083568067,11.317545949879724,1.4788111806311812,-0.4788587195,-0.12689805099999996,0.43816112200000035
180432.0,-0.23928226,1.2573105964999998,11.899487176500001,1.2539283104368222,-0.2236429996920494,0.927071774769584,11.968119359352574,1.5753775657284916,-0.577023286,-0.17122410900000018,0.6775414485000013
180442.0,-0.750404858,1.1017771275,12.592621198499998,1.2768444835155075,-0.20765403841452934,0.9164130490276546,12.66298262410968,1.5853280137504693,-0.511122598,-0.15553346899999987,0.6931340219999971
180452.0,-0.9802727339999999,1.0909898125,13.0654978615,1.2664510478198814,-0.29505489136664936,0.8412696434122908,13.147563567933934,1.548770563502065,-0.22986787599999992,-0.010787314999999964,0.47287666300000275
180462.0,-0.9802727339999999,1.3016366544999998,13.187590654,1.2549929612805386,-0.45653100843191274,0.7349511666978042,13.287879434688964,1.5243297254708439,0.0,0.21064684199999983,0.12209279249999838
180472.0,-0.6067374355,1.597307152,12.9948899815,1.2643200008031963,-0.6260007334713101,0.6406248472737707,13.106742008781456,1.5494457646791495,0.3735352984999999,0.2956704975000002,-0.19270067249999911
180482.0,-0.0501119815,1.7960879475,12.781791476999999,1.2981601896701143,-0.7205940882708988,0.6139771602543213,12.907464370950416,1.6066871728526606,0.5566254540000001,0.19878079550000005,-0.21309850450000134
180492.0,0.37490822949999997,1.8882704574999998,12.7901271295,1.3399957318404185,-0.7357836887510055,0.6944490560760238,12.934197829397306,1.6790549989406112,0.425020211,0.09218250999999977,0.008335652500001345
180502.0,0.48258524649999995,1.9983991369999998,13.076285176499999,1.3658423127332027,-0.6673022048905041,0.8607230832550197,13.236907556074245,1.7469005930367474,0.10767701699999999,0.11012867950000005,0.2861580469999989
180512.0,0.21564823349999998,1.873854682,13.570638403,1.3535848653964462,-0.5551211672185684,1.0754910837006777,13.701097116466382,1.815773270329773,-0.26693701299999995,-0.12454445499999989,0.49435322650000124
180522.0,-0.29076717249999995,1.7134178879999997,14.121379867,1.2880355346792953,-0.44267483950032976,1.2862622801592691,14.22792028919318,1.8733572017860725,-0.5064154059999999,-0.16043679400000022,0.5507414639999997
180532.0,-0.9623265644999999,1.491983731,14.734295492,1.1691925752524974,-0.3267622878876304,1.4386801384066819,14.840874351461997,1.8824413434306513,-0.6715593919999999,-0.2214341569999998,0.6129156249999994
180542.0,-1.5872063024999998,1.2777084284999998,15.3339721395,1.0082487836090923,-0.22630637213059274,1.508758598532758,15.46875768282372,1.8286969930424932,-0.624879738,-0.21427530250000015,0.5996766475000008
180552.0,-2.1102930134999998,1.1556156359999998,15.7493818335,0.7945471793364026,-0.1884693792766077,1.5036971437019746,15.932100057380207,1.7111198166971886,-0.5230867109999999,-0.12209279249999994,0.41540969399999916
180562.0,-2.3748764304999996,1.1257053535,15.8056720045,0.551265734900913,-0.2430946942055262,1.4445409540348786,16.02268760591924,1.5651477593859051,-0.2645834169999999,-0.02991028249999994,0.056290171000000555
180572.0,-2.462253682,1.204648886,15.548247442,0.3383634914256367,-0.32649699784132724,1.3566095209901523,15.788029346651314,1.4357853371483764,-0.08737725150000042,0.07894353250000008,-0.2574245625000007
180582.0,-2.3557534629999997,1.248974944,15.140094669,0.20060116290722027,-0.38138760281654893,1.2806667545773753,15.3730927069168,1.3512233961938456,0.1065002190000004,0.044326058,-0.4081527729999994
180592.0,-2.1019573609999997,1.2094541444999998,14.6588823535,0.13611822836303777,-0.3963101679211004,1.2153844592357792,14.858123566886364,1.2855929779841637,0.2537961019999999,-0.0395207995000002,-0.48121231550000054
180602.0,-2.0840111915,1.4704091009999998,14.172766712999998,0.12172798868034451,-0.3845850460062025,1.1719501954706484,14.400434780648869,1.2394315719326525,0.01794616949999961,0.2609549565,-0.48611564050000133
181032.0,-1.1454167199999998,1.4393220205000001,7.617511520499999,0.2967949846308877,0.2021649779170072,0.10903246370133776,7.836460240829527,0.3752945767514053,0.9385944715000003,-0.031087080499999642,-6.555255192499999
181042.0,-1.502182647,0.9772326725,7.956233211499999,0.40471218294020117,0.07186393195086652,0.07652396105369139,8.155561496115704,0.4181055995212316,-0.3567659270000001,-0.4620893480000001,0.33872169099999994
181052.0,-1.3094819745,0.542700011,7.810212193,0.6312053053007572,0.012177162191164437,0.05520650956983264,7.937800756076313,0.6337319460290258,0.1927006725,-0.43453266150000003,-0.14602101849999904
181062.0,-1.6925297234999999,0.9269245580000001,7.713224424499999,0.9245794445977361,-0.01366941870161959,0.014437363572497095,7.950954472505664,0.9247931876085717,-0.38304774899999994,0.3842245470000001,-0.0969877685000009
181072.0,-2.068418618,1.3375289935,7.7910892254999995,1.1782525793996,0.02363524873050721,-0.02446602545445651,8.171193958501068,1.178743548124825,-0.37588889450000007,0.41060443550000003,0.07786480100000048
181082.0,-2.437148658,1.38666031,8.1370678375,1.3546512615694146,0.17765008324349482,-0.05057964172279567,8.60664820871618,1.367186122188502,-0.36873004,0.0491313164999998,0.3459786120000006
181092.0,-2.8956095454999997,1.4716839655,8.782247341,1.444448451584523,0.42599298250976797,-0.10307216430577712,9.363667908079723,1.509478460093807,-0.4584608874999998,0.08502365550000013,0.6451795034999996
181102.0,-3.386432378,1.536309789,9.529219871499999,1.4327233296696251,0.7246973573423375,-0.20166406842168483,10.22908614578714,1.61819368297215,-0.49082283250000014,0.0646258234999999,0.746972530499999
181112.0,-3.9802250354999997,1.5685736675,10.520476053499998,1.3394616610893082,0.9919596257002291,-0.32850063582261674,11.357069651801131,1.698839047197624,-0.5937926574999999,0.03226387850000001,0.991256181999999
181122.0,-4.4913476335,1.6236870405,11.518793023499999,1.200102356305317,1.146508530964327,-0.46546185821436775,12.469609291740698,1.7237697696142387,-0.5111225980000005,0.055113372999999966,0.9983169700000012
181132.0,-4.924703496999999,1.5889714995,12.454935832499999,1.0570115375805618,1.1686235979163473,-0.5976269158216384,13.487140599522188,1.6852633131649948,-0.4333558634999992,-0.03471554099999996,0.9361428089999997
181142.0,-5.308928043999999,1.6284922990000001,13.161308831999998,0.9429664882674963,1.039123658076872,-0.72206540083033,14.28484351736319,1.578081815954692,-0.38422454699999964,0.0395207995000002,0.7063729994999992
181152.0,-5.5304602675,1.7230284049999998,13.601823549999999,0.87475203978255,0.7985073314091777,-0.8334470777048522,14.783924429601484,1.4482538177932405,-0.22153222350000057,0.09453610599999962,0.4405147180000011
181162.0,-5.5507600329999995,1.6942949205,13.804134739499998,0.8507694705308959,0.4467781085717685,-0.9562850957894651,14.97450193254697,1.3556919099542692,-0.0202997654999999,-0.028733484499999795,0.2023111894999996
181172.0,-5.457400724999999,1.7397977765000001,13.660467317,0.8718198866391995,0.10783691316372165,-1.0844533494096686,14.812781180290555,1.3956137652037242,0.09335930800000014,0.04550285600000015,-0.1436674224999983
181182.0,-5.1126969775,1.8283518259999998,13.3455757855,0.884876694773369,-0.10213492249745616,-1.2366041722815262,14.407877492188053,1.5240171213771458,0.34470374749999966,0.08855404949999968,-0.3148915315000007
181192.0,-4.5715660305,1.9577015395,13.0223486015,0.8257222504355253,-0.06483025506532937,-1.4140675052950578,13.939633222863906,1.638782202236628,0.5411309470000001,0.12934971350000013,-0.3232271840000003
181202.0,-4.0639738265,2.1695251795,13.000872037999999,0.6807674200696402,0.1861777619687391,-1.5707474575758409,13.792947346938282,1.7220203293692355,0.5075922039999998,0.21182363999999998,-0.021476563500000267
181212.0,-3.735941384,2.209045979,13.338416930999998,0.5243527578351604,0.5077965645507422,-1.676533608868469,14.026778261140628,1.828542618394334,0.32803244249999963,0.03952079949999998,0.3375448929999987
181222.0,-3.6593514474999997,2.230620609,13.905829699999998,0.40151473975054747,0.7401522478687473,-1.738086135598553,14.551241217264524,1.9313163518755858,0.07658993650000046,0.021574629999999928,0.5674127690000006
181232.0,-3.6832796734999995,2.403021516,14.642112981999999,0.32743773030815215,0.7758581937060474,-1.7905786581815346,15.288313645959455,1.9787226523960728,-0.023928225999999775,0.1724009070000001,0.7362832820000005
181242.0,-3.676120819,2.5525729285,15.325636486999999,0.3018564394616713,0.5824076447442479,-1.8364110043389055,15.965732885240875,1.9500567559837962,0.007158854499999645,0.14955141250000015,0.6835235050000001
181252.0,-3.4965610574999997,2.6639764725,15.815184454999999,0.2888013766567537,0.21362306445634993,-1.864922702999485,16.414711974948958,1.899204501097621,0.1795597615000002,0.11140354399999985,0.4895479680000001
181262.0,-3.3457347804999995,2.899826405,15.9229595385,0.28693561968637177,-0.21404892479383655,-1.8846414328885168,16.527055843836518,1.9183384275487685,0.15082627700000018,0.2358499325000003,0.10777508350000176
181272.0,-2.9781815385,3.2349196355,15.6583761215,0.24270199512382745,-0.544462441476639,-1.9187486571309902,16.26404049081184,2.009213781024251,0.3675532419999996,0.3350932304999996,-0.26458341700000076
181282.0,-2.5376668204999997,3.525882941,15.269346315999998,0.12252734947775791,-0.631596259053204,-1.9691101326972866,15.875280795105455,2.071550506386743,0.4405147180000002,0.29096330550000005,-0.38902980550000166
181292.0,-2.1881578145,3.8131197195,15.025160731,-0.06319662688546268,-0.5183488252083,-2.0221349807021265,15.655138824321604,2.088470540473031,0.3495090059999999,0.28723677850000007,-0.24418558499999854
181302.0,-1.8828768,4.162726792,15.037124844,-0.27077038015440025,-0.31930275066460656,-2.067167966062084,15.715872325863902,2.1091359001411445,0.3052810144999998,0.3496070725,0.011964112999999443
181312.0,-1.6709550935,4.424858546499999,15.257382202999999,-0.4945983847471611,-0.1668848924171938,-2.0714300600954543,15.973702631808594,2.1361883398658126,0.21192170650000008,0.2621317544999995,0.22025735899999965
181322.0,-1.4734491625,4.5733312275,15.465675448999999,-0.6995087655775553,-0.13171301733100407,-2.043984757607843,16.194861161637043,2.1643785531619617,0.19750593100000002,0.14847268100000033,0.2082932460000002
181332.0,-1.395682428,4.7947653845,15.475285966,-0.8748410515744016,-0.2462921373951798,-1.9853643840211097,16.261063318913187,2.183501412823452,0.07776673449999993,0.22143415700000002,0.009610517000000485
181342.0,-1.225635117,4.9803072025,15.1688281535,-1.0251261174758775,-0.4546652514615308,-1.9056918489968206,16.0124635463039,2.211168349753285,0.17004731100000003,0.18554181799999991,-0.3064578124999997
181352.0,-1.0018473639999999,5.0234564624999996,14.699579950999999,-1.1447666923708366,-0.6497162673474091,-1.805234187910531,15.566517391736273,2.2341648285698414,0.2237877530000001,0.043149259999999856,-0.4692482025000011
181362.0,-0.7336354865,4.9947229779999995,14.1046104955,-1.242292200313776,-0.7389811319406591,-1.6989157111960442,14.980838290422268,2.230627180430092,0.26821187749999986,-0.028733484500000017,-0.5949694554999994
181372.0,-0.566039838,4.857037612,13.540728120499999,-1.3275602609199588,-0.7192624020516272,-1.6064534034131408,14.39661534861181,2.204642190178853,0.16759564849999997,-0.13768536599999948,-0.5638823750000004
181382.0,-0.540934814,4.6906187615,13.137282539500001,-1.413362392277252,-0.6459847534066453,-1.5321111039244424,13.960039661884366,2.1822589187138393,0.02510502400000003,-0.16641885050000038,-0.40344558099999794
181392.0,-0.540934814,4.463202548,12.862009874,-1.4954330096937816,-0.5751069324831555,-1.4745553811814252,13.625126988631864,2.177471341359763,0.0,-0.22741621349999974,-0.27527266550000107
181402.0,-0.563686242,4.1794961635,12.607036974,-1.5753708347643738,-0.5367358688780602,-1.434053270559645,13.293732042731055,2.196904058617331,-0.022751427999999962,-0.2837063845000003,-0.2549729000000003
181412.0,-0.5002372165,3.9891490869999995,12.322055724999998,-1.6262646357525283,-0.5713754185423917,-1.4308558273699912,12.961350431227828,2.2402131445763054,0.06344902549999998,-0.19034707650000016,-0.2849812490000012
181422.0,-0.38412648050000003,3.9017718355,11.982157235999999,-1.6238665533602883,-0.6838234915898823,-1.4417798431582238,12.607278399303693,2.276683172272715,0.11611073599999994,-0.08737725149999953,-0.3398984889999994
181432.0,-0.21653083199999998,3.8143945839999995,11.61695759,-1.5719063561991649,-0.8562236244433782,-1.4156662268898845,12.229071726484957,2.282130441861493,0.16759564850000006,-0.08737725150000042,-0.3651996459999989
181442.0,-0.042953127,3.8024304709999996,11.108188587999999,-1.486638295592982,-1.0272938164068544,-1.34691945298308,11.741046638374355,2.253800794208664,0.17357770499999997,-0.011964112999999887,-0.5087690020000011
181452.0,0.17975589449999999,3.6719039595,10.648550902499998,-1.3824526112244324,-1.1525299168837075,-1.255788831419448,11.265293036247783,2.194653963774481,0.2227090215,-0.13052651149999983,-0.4596376855000006
181462.0,0.4335519965,3.5461827065,10.282272525,-1.2982492014619662,-1.1738473683675663,-1.1769156571925723,10.885242643134726,2.1091465329523973,0.253796102,-0.12572125300000003,-0.3662783774999987
181472.0,0.662145008,3.387020777,10.100261101000001,-1.272402620569182,-1.0765888958001821,-1.1257548208288626,10.673594524049653,2.011312008618007,0.2285930115,-0.15916192949999974,-0.1820114239999988
181482.0,0.7938483174999998,3.3223949534999995,10.1876383525,-1.3091749625794504,-0.913514057140092,-1.0820552670174284,10.745067639599519,1.9285462442258456,0.13170330949999987,-0.06462582350000057,0.08737725149999953
181492.0,0.8034588345,3.3259253474999997,10.399560058999999,-1.375523654094015,-0.7789491718113292,-1.0284963482614784,10.947975837415205,1.8859034634956537,0.009610517000000152,0.0035303940000002143,0.2119217064999983
181502.0,0.754327518,3.3259253474999997,10.538422222999998,-1.4309483298203471,-0.744841947568856,-0.960016609730229,11.076512644861435,1.8772412046489204,-0.04913131650000002,0.0,0.13886216399999896
181512.0,0.7447170009999999,3.2421765565,10.4618322865,-1.459192993105371,-0.7997342978733296,-0.8816757609252115,10.97798920686072,1.883128058769719,-0.00961051700000004,-0.08374879099999966,-0.07658993649999779
181522.0,0.7818842045,3.0446706255000002,10.216371836999999,-1.4437381025789615,-0.8929959664536468,-0.7964077003190285,10.689041848494929,1.8751231239756567,0.03716720350000002,-0.1975059309999998,-0.24546044950000123
181532.0,0.8058124305000001,2.9081620575,9.972186252,-1.3696610931365663,-0.984925948814692,-0.6975505061568178,10.418792582176149,1.8255485047897817,0.023928226000000108,-0.13650856800000044,-0.24418558499999854
181542.0,0.750797124,2.899826405,9.765069804,-1.2617438948272526,-1.062732726868599,-0.5795069075274332,10.214170440008061,1.7484927110981683,-0.05501530650000008,-0.008335652499999568,-0.20711644800000073
181552.0,0.790219857,2.7692998934999995,9.650135866,-1.1567588496612897,-1.0928431471240054,-0.4486735361394343,10.070679796061226,1.6533920050966362,0.03942273299999999,-0.13052651150000072,-0.11493393800000007
181562.0,0.7974767779999999,2.604057841,9.60463301,-1.0888096912226466,-1.0648637738852844,-0.3404910477838178,9.983289122704226,1.5605689841383132,0.007256920999999972,-0.16524205249999957,-0.045502855999998815
181572.0,0.7794325419999999,2.577776019,9.581881582,-1.0709567183039965,-1.022495906293122,-0.2677457245606941,9.953135131360916,1.5047039389485195,-0.018044236000000047,-0.026281822000000066,-0.022751428000001184
181582.0,0.8920128839999999,2.5155037915,9.529219871499999,-1.084013526438166,-1.0003808393411018,-0.2211157629351616,9.895932380006611,1.4915560096222047,0.112580342,-0.06227222749999983,-0.05266171050000068
181592.0,1.1410037274999998,2.5023628804999998,9.3328907385,-1.1026658601542296,-1.010505494331921,-0.1915376681016137,9.729674148122958,1.5078726841237198,0.2489908434999999,-0.013140911000000255,-0.196329132999999
181602.0,1.42588691,2.577776019,9.0277077905,-1.1226516254188166,-1.026227420233886,-0.15849684003210907,9.496188216063075,1.5292516596020327,0.2848831825000002,0.07541313850000009,-0.30518294800000056
181612.0,1.805404265,2.5741475585,8.575130892999999,-1.1325109903633324,-1.0219635808712637,-0.10840239984136782,9.133377800413967,1.529294538083596,0.37951735499999995,-0.003628460499999875,-0.4525768975000002
181622.0,2.1585417314999997,2.414985629,8.168154917999999,-1.1223845900432614,-0.982793156468755,-0.031394982584874,8.786934207068533,1.4921847075010195,0.3531374664999998,-0.1591619295000002,-0.40697597499999993
181632.0,2.3739938319999996,2.414985629,7.8593435094999995,-1.0920071344123001,-0.9084508569800566,0.06559819993620689,8.557878399636813,1.4219935530761145,0.21545210049999985,0.0,-0.30881140849999955
181642.0,2.4362660595,2.4545064285,7.599565350999999,-1.0453771727867676,-0.8237151217957318,0.18364179856559137,8.349454332130886,1.3435193878165725,0.06227222750000028,0.03952079949999998,-0.2597781585000005
181652.0,2.5799334819999995,2.3527134015,7.4355000965,-1.0086048307764992,-0.7051391977444891,0.3070138874013145,8.214498086078898,1.2683700248423957,0.14366742249999964,-0.10179302699999981,-0.16406525449999876
181662.0,2.5930743929999998,2.2401330594999997,7.405589814,-0.988353775465609,-0.5604514027541592,0.42745382309368724,8.159962709787202,1.2139463460975684,0.013140911000000255,-0.11258034200000022,-0.029910282500000385
181672.0,2.3525172684999998,2.1336328405,7.518170155999999,-0.9816918537107465,-0.4261535528009514,0.5327076489644572,8.161471012704748,1.1954510385089614,-0.2405571245,-0.10650021899999995,0.11258034199999933
181682.0,2.132161843,1.9301448529999998,7.5575928889999995,-0.9840899361029868,-0.35394230032893803,0.6043848306853604,8.086333134008944,1.2078862437596898,-0.22035542549999976,-0.20348798749999997,0.03942273300000032
181692.0,1.9382843724999999,1.6823308075,7.680960546,-0.9800931321159198,-0.3595378259108319,0.6302314115781444,8.09841578111114,1.2194431630958704,-0.19387747050000015,-0.24781404549999975,0.12336765700000019
181702.0,1.7407784414999998,1.5195404175,7.678508883499999,-0.9633065553702382,-0.42562122737909314,0.6323642039240814,8.018653960409793,1.228412567185592,-0.19750593100000002,-0.16279039000000006,-0.0024516625000003955
181712.0,1.712044957,1.4536397294999999,7.5133648975,-0.9006876324671858,-0.5234120253683354,0.6480843844967944,7.841863202132204,1.2268707059051154,-0.028733484499999795,-0.06590068800000015,-0.16514398599999947
181722.0,1.8520839189999998,1.434516762,7.1924913095,-0.8260782976029322,-0.6033515957681798,0.6899199266670984,7.564389229852625,1.2338670945847052,0.14003896199999977,-0.019122967499999977,-0.32087358799999954
181732.0,2.0424309955,1.3722445344999998,6.835823448999999,-0.7701212964547419,-0.6164084039023493,0.7517394887727377,7.265195225163773,1.2402251370758743,0.19034707650000038,-0.062272227500000055,-0.3566678605000009
181742.0,2.196885733,1.2669211135,6.629883799,-0.7197598208884455,-0.5567198888133953,0.8298133022022001,7.098362854907722,1.2314955748509557,0.1544547374999996,-0.1053234209999998,-0.20593964999999947
181752.0,2.2088498459999997,1.0813792955000001,6.558099121,-0.6707300315414209,-0.46958781656608234,0.915081362808383,7.004074735735711,1.2279109875060583,0.011964112999999887,-0.18554181799999991,-0.07178467800000021
181762.0,2.095092706,0.880244904,6.505339343999999,-0.6211696621017899,-0.4088329053041597,0.9880919760778097,6.890840624941685,1.2366575301046134,-0.1137571399999997,-0.20113439150000012,-0.05275977700000034
181772.0,1.9849640265,0.6851906354999999,6.475429061499999,-0.5798664453533441,-0.38245399898951743,1.032323855311102,6.8074040517656025,1.244270347647236,-0.11012867950000005,-0.19505426850000007,-0.029910282500000385
181782.0,1.922691799,0.5510356634999999,6.4252190135000005,-0.5582837038231822,-0.3619359083030721,1.0491104320567834,6.729325629499041,1.2423006859549226,-0.06227222749999983,-0.13415497200000004,-0.05021004799999851
181792.0,1.873658549,0.40138618449999997,6.376087696999999,-0.5505553858953512,-0.34141781761662676,1.0533742714194057,6.6577925431169005,1.2366384737718792,-0.04903325000000014,-0.14964947899999992,-0.049131316500001354
181802.0,1.8592427735,0.21584436649999997,6.271941074,-0.5396313701071188,-0.31930275066460656,1.0645653225831933,6.545274426415597,1.2354981134070293,-0.014415775500000061,-0.185541818,-0.10414662299999922
181812.0,1.83776621,0.1309187775,6.1618123945,-0.5324371229303981,-0.28253040865433804,1.0794878876877447,6.431365045924053,1.2363684003375919,-0.021476563499999823,-0.08492558899999997,-0.11012867949999983
181822.0,1.735973183,0.0314793465,5.983429431,-0.530304330584461,-0.21538235634236025,1.0952098135897097,6.230250524425821,1.2357575726020973,-0.10179302700000004,-0.099439431,-0.17838296349999982
181832.0,1.5587670175,0.055505638999999996,5.853000986,-0.5252428757536776,-0.1282485387657953,1.1151938335250449,6.057264731949861,1.2393486404389367,-0.17720616550000012,0.024026292499999997,-0.13042844500000061
181842.0,1.42588691,0.026772154499999996,5.764348869999999,-0.516182871606575,-0.042713442784057226,1.1402410536204155,5.9381468593691915,1.2523653043325147,-0.1328801074999999,-0.0287334845,-0.08865211600000045
181852.0,1.2511324069999998,-0.0642335575,5.8123033885,-0.48713884752413733,0.02097013096271187,1.1634242620746562,5.945782448906392,1.2614674061360827,-0.17475450300000017,-0.09100571199999999,0.04795451850000099
181862.0,1.045192757,-0.1420983585,5.913998349,-0.42824969323259665,0.03162885670464124,1.1799438034447824,6.007328550591217,1.255653440889641,-0.20593964999999992,-0.077864801,0.10169496049999971
181872.0,0.8632793994999999,-0.174362237,6.064824625999999,-0.34591378576976417,-0.014468779499032991,1.1988631725364012,6.128437913157704,1.24785359687337,-0.18191335750000004,-0.03226387850000001,0.1508262769999993
181882.0,0.7028426054999999,-0.240262925,6.330584840999999,-0.24652252085644308,-0.10773044807934999,1.2311046398084922,6.37401117274943,1.260157861893021,-0.160436794,-0.06590068799999999,0.26576021500000024
181892.0,0.5604500474999999,-0.345586346,6.5556474585,-0.1418027657367833,-0.21324956399642314,1.282532511547757,6.588630189836268,1.3078505434843322,-0.14239255799999995,-0.105323421,0.22506261750000078
181902.0,0.32460011499999997,-0.5059250734999999,6.8202308755,-0.018430676901060122,-0.35287590415596953,1.355810160192739,6.846668869587421,1.4011003832940683,-0.23584993249999997,-0.16033872749999994,0.2645834169999999
181912.0,0.09355544099999999,-0.612523359,6.989003321999999,0.08309163502894604,-0.49569968750516946,1.4122994867627876,7.016416814926859,1.499070458756005,-0.23104467399999998,-0.10659828550000006,0.16877244649999934
181922.0,-0.04412992499999999,-0.71784678,7.021365266999999,0.13505183219006922,-0.6137432861345541,1.4242898987239887,7.058103262383659,1.5567663711232735,-0.13768536599999998,-0.10532342100000003,0.03236194499999989
181932.0,-0.0597224985,-0.8327807179999999,6.944677264,0.1379822400041677,-0.6856875032310122,1.3968445962363778,6.994686040289315,1.5621719741048092,-0.015592573500000005,-0.11493393799999985,-0.07668800299999923
181942.0,0.043247326499999995,-0.808852492,6.7890457285,0.10813885512431666,-0.7043398369470756,1.345683759872668,6.837196398285491,1.522712513734379,0.10296982499999999,0.023928225999999886,-0.15563153550000042
181952.0,0.23839966149999997,-0.7202984425,6.561629515,0.055646332541335206,-0.6768945344594648,1.2931912372896863,6.605349811856324,1.460693773968119,0.19515233499999998,0.08855404950000001,-0.22741621349999974
181962.0,0.465815875,-0.6137001569999999,6.345000616499999,-0.011768755146197764,-0.607615435130802,1.2580176168742447,6.39160739841624,1.3971196602198537,0.22741621350000002,0.10659828550000006,-0.21662889850000067
181972.0,0.7411866069999999,-0.6495924959999999,6.122291594999999,-0.09170832554604205,-0.4991641660703783,1.2444284833182169,6.20111138195915,1.343941044747452,0.27537073199999995,-0.035892338999999995,-0.22270902150000005
181982.0,0.9446745944999999,-0.749031927,5.9415550354999995,-0.16178678567211838,-0.36886486543348956,1.252422091292351,6.062634341359742,1.3155977150050422,0.20348798749999997,-0.09943943100000008,-0.18073655949999967
181992.0,0.938692538,-0.7477570625,5.8709471555,-0.20228889629389876,-0.22470765053576594,1.291857805741163,5.992353862055299,1.3267670918542862,-0.005982056499999944,0.001274864500000028,-0.07060787999999985
182002.0,0.820228206,-0.8076756939999999,5.9666600595,-0.20841849262690285,-0.11279364823938555,1.3627373719939044,6.076688786027214,1.3831897267478794,-0.11846433199999995,-0.059918631499999986,0.09571290399999999
182012.0,0.5986959825,-0.8711247195,6.069629884499999,-0.17271254678960288,-0.05923472948343555,1.4469390364271189,6.160982234287084,1.4584138480322262,-0.22153222350000001,-0.06344902550000009,0.10296982499999974
182022.0,0.31616639599999996,-0.9884122535,6.2563485005,-0.09730385112793587,-0.07895345937246748,1.5292766892192036,6.341830692515937,1.5344017988716177,-0.28252958650000004,-0.11728753399999992,0.18671861600000028
182032.0,-0.065704555,-1.006358423,6.402467585499999,-0.0035081117965086025,-0.14077302147810664,1.6100138750872093,6.481409225428448,1.6161602731158144,-0.38187095099999996,-0.017946169500000053,0.1461190849999996
182042.0,-0.5241654425,-1.0769663029999998,6.468270207,0.0974801293823873,-0.2167140425616319,1.655313895822722,6.578231168001968,1.6722833030236262,-0.45846088749999997,-0.07060787999999985,0.06580262150000049
182052.0,-0.8222876024999999,-1.147574183,6.5413297495,0.18781139014860582,-0.2569491178078572,1.6446551700807928,6.691941295200299,1.6751676321745443,-0.2981221599999999,-0.07060788000000007,0.07305954250000024
182062.0,-1.016165073,-1.142866991,6.6358658555,0.23684117949563052,-0.24842318441186487,1.5753743254228776,6.809805582165561,1.6123312587864194,-0.19387747050000015,0.004707191999999916,0.09453610599999962
182072.0,-1.0807908965,-1.1392385305,6.7496229955,0.2538947916168671,-0.22630637213059274,1.4978345827445256,6.929890617658801,1.5359640544435114,-0.0646258234999999,0.003628460500000097,0.11375714000000059
182082.0,-1.0652963895,-1.1596363625,6.896820812,0.2672168897973398,-0.21271723857456487,1.4181620477202366,7.07430210010502,1.458710760697201,0.01549450699999988,-0.020397832000000005,0.1471978164999994
182092.0,-0.9958653074999999,-1.2266157819999999,7.088344686499999,0.2935975414412341,-0.20632235219525769,1.3627373719939044,7.2622974589289795,1.4091918160366155,0.06943108200000014,-0.06697941949999997,0.19152387449999964
182102.0,-0.9000543369999999,-1.3247803484999998,7.323017820999999,0.3221092401018135,-0.1948642656559149,1.3358243949281519,7.496114379330658,1.3878592359002946,0.09581097049999998,-0.09816456649999994,0.2346731344999995
182112.0,-0.9611497665,-1.308010977,7.576813923,0.35088622880869597,-0.19060042629329277,1.3392888734933608,7.748729625774934,1.3975494104803197,-0.06109542950000002,0.016769371499999908,0.2537961020000008
182122.0,-1.120311696,-1.212298073,7.763532539,0.3703379233221728,-0.21751340335904532,1.3648684190105895,7.937077698882989,1.4308487199225082,-0.15916192949999997,0.09571290399999999,0.18671861600000028
182132.0,-1.3501795719999998,-1.181112926,7.919164074499999,0.38286240603448407,-0.26574383190865664,1.395512910017106,8.119801245071324,1.4712782497462613,-0.22986787599999992,0.03118514699999997,0.15563153549999953
182142.0,-1.6541857219999998,-1.146397385,7.967020526499999,0.3972509003879254,-0.33928677059994167,1.4181620477202366,8.217297209963615,1.5113263658645044,-0.30400615,0.03471554099999996,0.04785645199999955
182152.0,-1.8062868634999998,-1.217005265,7.9060231635,0.39911665735830726,-0.4264205881765066,1.4077703573538622,8.200547317715381,1.5241213873067614,-0.15210114149999998,-0.07060788000000007,-0.06099736299999936
182162.0,-1.846984461,-1.2003339599999998,7.7706913935,0.3841940922537558,-0.5039603308548587,1.3587405680068374,8.076868077895027,1.4992521624948785,-0.04069759750000013,0.016671305000000247,-0.13533176999999963
182172.0,-1.8433560004999998,-1.1188406985,7.570831866499999,0.37060495869772797,-0.5711083831668364,1.3017171706856787,7.871928671171454,1.4690066076068928,0.003628460500000097,0.08149326149999991,-0.19985952700000098
182182.0,-1.6649730369999998,-1.147574183,7.3541049014999995,0.36234431534803874,-0.5910941484314235,1.2500240089001107,7.627051895830488,1.4294214626909771,0.17838296350000005,-0.028733484500000017,-0.21672696499999944
182192.0,-1.490218534,-1.2505440079999999,7.175721938,0.37220368029255474,-0.5340707511102649,1.204458698118295,7.4347560098846746,1.3691193893476283,0.17475450299999973,-0.10296982499999996,-0.17838296349999982
182202.0,-1.4255927105,-1.3116394375,7.0644164604999995,0.40631090453502794,-0.4418754787029164,1.180743164242196,7.325209383875617,1.3245742371523301,0.06462582350000012,-0.06109542950000013,-0.1113054775000002
182212.0,-1.468643904,-1.3882293739999998,7.056080808,0.43615428941487894,-0.3350229312373195,1.1836753173855463,7.339780111189893,1.3052042696902342,-0.04305119349999997,-0.07658993649999979,-0.008335652499999568
182222.0,-1.6470268674999997,-1.4146092624999997,7.091973147,0.4710608744547655,-0.23429998010472677,1.2057903843375664,7.416865913954946,1.3155703246425483,-0.17838296349999982,-0.02637988849999995,0.035892339000000106
182232.0,-1.8601253719999997,-1.4863939405,7.154245374499999,0.5104965889035774,-0.17514553576688296,1.2295059182136654,7.540070306334543,1.3427462637831784,-0.2130985045,-0.07178467800000021,0.06227222749999939
182242.0,-1.976236108,-1.6707589605,7.141006397,0.5624567860647006,-0.17194809257722937,1.2263084750240116,7.5954537073600115,1.3600574468186617,-0.11611073600000021,-0.18436502,-0.013238977499999471
182252.0,-2.1079394175,-1.758136212,7.0979552035,0.5994961634505243,-0.2103191561823247,1.1788791526010658,7.610218104541332,1.339173571232105,-0.13170330949999998,-0.08737725149999997,-0.043051193500000196
182262.0,-2.0815595289999997,-1.9604474015,6.884856699,0.648524207468297,-0.26840720434719995,1.0672304403509887,7.45503157958328,1.2773436843033386,0.02637988850000017,-0.20231118950000004,-0.21309850449999956
182272.0,-1.696158184,-1.515127425,6.644201508,0.6946235890012232,-0.27853360466727106,0.9891566269215263,7.022675941409142,1.2403683855648109,0.3854013449999998,0.4453199765,-0.2406551910000001
182282.0,-1.293889401,-1.0422507619999999,6.5460369415,0.6943565536256682,-0.20552299139784427,0.942791955342297,6.753594307655176,1.188792410227364,0.402268783,0.4728766630000001,-0.09816456650000038
182292.0,-1.121488494,-0.752562321,6.6370426535,0.658383572412813,-0.06216513729753403,0.9457241084856474,6.773065899099286,1.1540049922289122,0.17240090699999988,0.2896884409999999,0.0910057120000003
182302.0,-1.2782968275,-0.4557150254999999,6.775904817499999,0.6381325171019228,0.10863627396113505,0.9883572661241129,6.91047068291898,1.181467322825022,-0.1568083334999999,0.29684729550000005,0.13886216399999896
182312.0,-1.6506553279999998,-0.1432751565,6.9147669815,0.6218782657780996,0.26718198321229997,1.0387187416904093,7.110498800419525,1.2397803893994055,-0.37235850049999986,0.3124398689999999,0.13886216400000073
182322.0,-2.1127446759999997,0.0889463155,7.112272912499999,0.5978974418556975,0.3737674953023416,1.053908342170516,7.41997489853494,1.2680324464377,-0.4620893479999999,0.23222147199999998,0.19750593099999936
182332.0,-2.5388436185,0.42658927499999993,7.233188907,0.6069574460028,0.37909598550868034,1.0331232161085155,7.677677193858247,1.2567635764730938,-0.42609894250000035,0.33764295949999995,0.12091599450000068
182342.0,-2.7794988095,0.8287599915,7.1781736005,0.66051636475875,0.2834362345361231,0.9585138812442618,7.742004455852382,1.1980679562111947,-0.2406551910000001,0.4021707165000001,-0.05501530649999964
182352.0,-2.532861562,0.7199061765,7.012931547999999,0.7564414057776103,0.1331511686346474,0.8202192273039872,7.490985348547518,1.1236958729668494,0.24663724750000027,-0.10885381500000002,-0.1652420525000009
182362.0,-2.000164334,0.2578168285,6.943500466,0.9101909502442949,0.012177162191164437,0.6624746241794877,7.230444357119808,1.1258190249180353,0.532697228,-0.462089348,-0.06943108199999948
182372.0,-1.546508705,0.13209557549999998,6.959093039499999,1.1193634251080593,-0.038184313375131944,0.5734750496325408,7.130085157143973,1.2582949383227373,0.453655629,-0.125721253,0.015592573499999318
182382.0,-1.3729310000000001,-0.113364874,7.222401592,1.37463528150475,-0.03338814859065153,0.6163769879758135,7.352610140728404,1.5068701061903416,0.1735777049999998,-0.24546044949999998,0.26330855250000074
182392.0,-1.5453319069999998,-0.39461959599999996,7.739604313,1.640831153689673,0.039090139256917,0.7578673397764898,7.9022307135484,1.8078212905609894,-0.17240090699999966,-0.28125472199999996,0.5172027210000003
182402.0,-2.080382731,-0.5945771895,8.4194993575,1.8873082959855643,0.10197435220627268,0.9060213586612804,8.693071020799245,2.0959976323827885,-0.535050824,-0.19995759350000009,0.6798950444999994
182412.0,-2.8585404085,-0.81002929,9.0528128145,2.0653056997502057,0.10836923858557992,0.9976843056467706,9.527896964811314,2.2962154731266367,-0.7781576775000003,-0.21545210049999997,0.6333134569999999
182422.0,-3.673767223,-1.0350919075,9.7135848915,2.1700254548698656,0.07106457115345312,0.9830287759177742,10.436556535090402,2.3833602795924054,-0.8152268144999999,-0.2250626175,0.6607720770000007
182432.0,-4.2961952985,-1.305657381,10.217548635,2.223584373625816,0.017240362351199988,0.8266158590125464,11.160660166316491,2.372323433914095,-0.6224280754999998,-0.27056547350000004,0.5039637435
182442.0,-4.5117454655,-1.7557826159999999,10.7742721555,2.229979260005123,-0.02672622683578917,0.5596188807009579,11.812009152590859,2.2992814275096616,-0.21555016699999996,-0.4501252349999998,0.5567235205000003
182452.0,-4.508117005,-1.8802290045,11.227927784499999,2.176954412000283,-0.03445454476362006,0.24812473310977387,12.244375948739906,2.1913200384159235,0.003628460499999875,-0.12444638850000023,0.45365562899999823
182462.0,-4.3956347295,-1.594169024,11.6325501635,2.0820922764958874,-0.02193006205130875,-0.03645643741565756,12.53711301929641,2.082526889933103,0.11248227549999967,0.28605998050000014,0.404622379000001
182472.0,-4.229215879,-1.169148813,11.9761751795,2.0026867768471535,0.00738099740668402,-0.2163195981506812,12.754683368402247,2.0143492680826802,0.16641885050000038,0.42502021099999987,0.3436250160000007
182482.0,-4.133404908499999,-0.6268410680000001,12.234678473499999,1.9488625680449003,0.03429397447243658,-0.29679149397238375,12.929242948141532,1.971630436138081,0.09581097050000054,0.542307745,0.2585032939999987
182492.0,-4.1669436515,-0.195936867,12.559082455499999,1.9158199946461436,0.04788310802846443,-0.3175748747051322,13.233758452332195,1.942553176869142,-0.03353874300000026,0.43090420100000004,0.32440398199999976
182502.0,-4.394359864999999,0.128467115,12.883486437499998,1.9131566222076002,0.029497809687956164,-0.321039353270341,13.612902894239921,1.940130059614927,-0.22741621349999974,0.324403982,0.32440398199999976
182512.0,-4.6768894515,0.3643170475,13.200731565,1.9216825556035926,-0.004344124508213886,-0.36527123250363325,14.009473070170714,1.9560945246136805,-0.2825295865000008,0.2358499325,0.31724512750000144
182522.0,-4.7786824784999995,0.40736824099999996,13.5383745245,1.9110238298616633,-0.05283984310412832,-0.4723890700155332,14.362776189850239,1.9692525386015245,-0.10179302699999937,0.04305119349999997,0.3376429595000001
182532.0,-4.7451437355,0.5618229785,13.7717727945,1.8625281112657488,-0.10746515803304686,-0.636797340224147,14.57716570644156,1.9713118926143507,0.03353874299999937,0.1544547375,0.23339827000000035
182542.0,-4.5918657959999996,0.8323884519999999,13.941722038999998,1.8039059923497633,-0.14849959407668553,-0.8286491675911197,14.702030996982558,1.990675363193552,0.15327793950000057,0.27056547349999993,0.16994924449999793
182552.0,-4.3154163325,1.2298519764999998,13.996835412,1.7005179234493752,-0.14237174307293343,-1.0026497673686945,14.698529026998786,1.9792264845647902,0.27644946349999966,0.3974635244999999,0.055113373000001076
182562.0,-4.055638173999999,1.664384638,14.0363562115,1.565422458028006,-0.07655537698022728,-1.1292192993940713,14.705022030508184,1.9317205864117788,0.2597781585000005,0.43453266150000025,0.03952079949999998
182572.0,-3.8844140649999996,2.1264739859999997,14.005171064499999,1.4148703567509753,0.011644836769306168,-1.2003641556931162,14.688613984560034,1.8554966545129807,0.17122410899999974,0.4620893479999997,-0.031185147000000413
182582.0,-3.8796088065,2.5717939624999997,13.902299306,1.2579251144238892,0.09931097976772935,-1.2304745759485223,14.660812210468828,1.7624715448075967,0.004805258499999798,0.4453199765,-0.10287175849999919
182592.0,-3.9059886949999996,2.809997491,13.746667770499998,1.1039085345816495,0.18484433042021545,-1.2579216237653852,14.564467322130167,1.6837898594382987,-0.026379888499999726,0.23820352850000015,-0.1556315355000013
182602.0,-3.9370757755,2.7812640064999994,13.677236688499999,0.9754749909151428,0.23920260997357884,-1.2968250127923386,14.501820526028164,1.6402818234446541,-0.031087080500000308,-0.02873348450000046,-0.06943108199999948
182612.0,-3.975419777,2.6782941815,13.613787663,0.8752843652044083,0.21682050764600358,-1.3631737043069032,14.43303282956394,1.6344345813219197,-0.03834400150000006,-0.1029698249999993,-0.06344902549999887
182622.0,-3.8197882415,2.4101803704999996,13.397060697999999,0.8163969562421196,0.09957626981403249,-1.4657606670806258,14.137927251692215,1.6807360759001144,0.15563153549999997,-0.26811381100000053,-0.21672696500000121
182632.0,-3.284639351,2.1193151315,13.048728489999998,0.8100003245335603,-0.07788706319949895,-1.6301689372892396,13.621661701073045,1.8219818013528688,0.5351488904999999,-0.2908652389999995,-0.3483322080000004
182642.0,-2.7495885270000002,2.1814892925,12.599780053,0.8523681921257227,-0.22417532511390767,-1.7879152857429912,13.079510311364063,1.9933457252396136,0.5350508239999998,0.06217416099999973,-0.44894843699999853
182652.0,-2.1019573609999997,2.3419260865,12.184468425499999,0.9059271108816727,-0.2827974440298932,-1.8833080013399934,12.584280406685863,2.1089161558704737,0.6476311660000005,0.16043679400000022,-0.4153116275000013
182662.0,-1.388425507,2.442444249,12.033544081999999,0.9477626530519767,-0.17514553576688296,-1.9064912097942341,12.35716158635949,2.136267478159482,0.7135318539999997,0.10051816249999979,-0.15092434349999984
182672.0,-0.9623265644999999,2.5837580754999996,12.182016763,0.9269775269899763,0.07106457115345312,-1.876913114960686,12.490132530260311,2.0945501545508765,0.42609894250000013,0.1413138264999998,0.14847268100000122
182682.0,-0.7301050925,2.557378187,12.466899945499998,0.7881505476278433,0.404143205604051,-1.7985740114849207,12.747424480597862,2.004839517555195,0.23222147199999987,-0.026379888499999726,0.284883182499998
182692.0,-0.7648206335,2.557378187,12.984102666499998,0.569118707819563,0.753476091378472,-1.7338222962359309,13.25564241547663,1.9742750767798354,-0.03471554099999996,0.0,0.5172027210000003
182702.0,-0.9395751365,2.3897825384999996,13.745490972499999,0.36447536236472383,0.9719756057648942,-1.7191667665069346,13.98328945897665,2.0082612477052977,-0.17475450300000006,-0.1675956485000003,0.7613883060000006
182712.0,-1.1347274715,2.2162048335,14.3129037415,0.2251160575807326,0.9762376997982642,-1.736487414003726,14.527848561024106,2.0047707661679044,-0.19515233499999995,-0.17357770499999958,0.5674127690000006
182722.0,-1.2963410635,2.403021516,14.660059151499999,0.16862673101068415,0.8192924574711782,-1.7708616736217546,14.9121543341247,1.9584754714785053,-0.16161359199999992,0.18681668249999994,0.34715540999999916
182732.0,-1.1945480364999999,2.6915331589999996,14.818044282999999,0.18967714711898773,0.6282382455723668,-1.8188250667958108,15.107803683211252,1.9335938914218336,0.10179302700000004,0.28851164299999965,0.15798513150000026
182742.0,-0.9083899894999999,2.8913926859999997,14.704287142999998,0.2157890180580749,0.4622329990981783,-1.852932291038284,15.01337351901541,1.9218694859282583,0.2861580469999999,0.1998595270000001,-0.11375714000000059
182752.0,-0.5935965245,3.225407185,14.365565451999998,0.18914307636787747,0.3774972639138536,-1.8617252598098313,14.735164712301115,1.9090050368226728,0.31479346499999994,0.33401449900000024,-0.33872169099999994
182762.0,-0.2595820255,3.536670256,13.916617015,0.0905529175812218,0.4254606570879097,-1.860391828261308,14.36132474633957,1.910569118423513,0.334014499,0.31126307099999995,-0.44894843699999853
182772.0,-0.007060788,3.6934785895,13.4569793295,-0.052537901143533315,0.5901342173428267,-1.8468026947052798,13.954645341978862,1.939509942925295,0.2525212375,0.15680833350000034,-0.4596376855000006
